/*M!999999\- enable the sandbox mode */ 
-- MariaDB dump 10.19-11.4.7-MariaDB, for debian-linux-gnu (x86_64)
--
-- Host: localhost    Database: LMSDB
-- ------------------------------------------------------
-- Server version	11.4.7-MariaDB-0ubuntu0.25.04.1

/*!40101 SET @OLD_CHARACTER_SET_CLIENT=@@CHARACTER_SET_CLIENT */;
/*!40101 SET @OLD_CHARACTER_SET_RESULTS=@@CHARACTER_SET_RESULTS */;
/*!40101 SET @OLD_COLLATION_CONNECTION=@@COLLATION_CONNECTION */;
/*!40101 SET NAMES utf8mb4 */;
/*!40103 SET @OLD_TIME_ZONE=@@TIME_ZONE */;
/*!40103 SET TIME_ZONE='+00:00' */;
/*!40014 SET @OLD_UNIQUE_CHECKS=@@UNIQUE_CHECKS, UNIQUE_CHECKS=0 */;
/*!40014 SET @OLD_FOREIGN_KEY_CHECKS=@@FOREIGN_KEY_CHECKS, FOREIGN_KEY_CHECKS=0 */;
/*!40101 SET @OLD_SQL_MODE=@@SQL_MODE, SQL_MODE='NO_AUTO_VALUE_ON_ZERO' */;
/*M!100616 SET @OLD_NOTE_VERBOSITY=@@NOTE_VERBOSITY, NOTE_VERBOSITY=0 */;

--
-- Table structure for table `activity`
--

DROP TABLE IF EXISTS `activity`;
/*!40101 SET @saved_cs_client     = @@character_set_client */;
/*!40101 SET character_set_client = utf8mb4 */;
CREATE TABLE `activity` (
  `log_id` int(11) NOT NULL AUTO_INCREMENT,
  `user_id` int(11) NOT NULL,
  `activity` text NOT NULL,
  `activity_time` datetime NOT NULL,
  `activity_type` varchar(20) NOT NULL,
  PRIMARY KEY (`log_id`),
  KEY `user_id` (`user_id`),
  CONSTRAINT `activity_ibfk_1` FOREIGN KEY (`user_id`) REFERENCES `users` (`user_id`)
) ENGINE=InnoDB AUTO_INCREMENT=1484 DEFAULT CHARSET=utf8mb4 COLLATE=utf8mb4_unicode_ci;
/*!40101 SET character_set_client = @saved_cs_client */;

--
-- Dumping data for table `activity`
--

LOCK TABLES `activity` WRITE;
/*!40000 ALTER TABLE `activity` DISABLE KEYS */;
INSERT INTO `activity` VALUES
(133,79,'Edited loan offer #33','2025-04-12 18:43:16','loan offer edit'),
(134,79,'Deleted loan offer #32','2025-04-12 18:44:29','loan offer deletion'),
(135,79,'User logged out','2025-04-12 18:47:19','logout'),
(137,82,'User logged in','2025-04-12 19:10:06','login'),
(139,82,'Unblocked user localhost@gmail.com','2025-04-12 19:18:00','user unblock'),
(141,82,'Unrestricted loan creation to user localhost@gmail.com','2025-04-12 19:23:09','user restriction'),
(142,82,'User logged out','2025-04-12 19:25:01','logout'),
(143,88,'User logged in','2025-04-12 19:25:33','login'),
(144,88,'Applied for loan #109: ','2025-04-12 19:28:06','loan application'),
(145,88,'Updated profile','2025-04-12 19:58:11','profile update'),
(146,88,'Updated profile','2025-04-12 19:58:15','profile update'),
(147,88,'Updated profile','2025-04-12 19:58:23','profile update'),
(148,88,'Updated profile','2025-04-12 20:02:49','profile update'),
(149,88,'Updated profile','2025-04-12 20:11:53','profile update'),
(150,88,'Updated profile','2025-04-12 20:17:47','profile update'),
(151,88,'Deleted loan application #60 ','2025-04-12 20:18:22','application deletion'),
(152,88,'Applied for loan #110: ','2025-04-12 20:18:42','loan application'),
(153,82,'User logged in','2025-04-12 20:26:20','login'),
(154,88,'User logged out','2025-04-12 20:40:20','logout'),
(155,86,'User logged in','2025-04-12 20:40:32','login'),
(156,86,'Applied for loan #111: ','2025-04-12 20:41:48','loan application'),
(157,86,'User logged out','2025-04-12 20:43:44','logout'),
(160,100,'New Admin registration','2025-04-12 20:51:08','account registration'),
(162,100,'User logged in','2025-04-12 20:52:24','login'),
(163,82,'User logged out','2025-04-12 20:59:11','logout'),
(164,70,'Failed login attempt - incorrect password','2025-04-12 20:59:37','failed login'),
(165,100,'Restricted loan creation to user premiercredit@gmail.com','2025-04-12 21:05:21','user restriction'),
(166,91,'User logged in','2025-04-12 21:06:13','login'),
(167,100,'User logged out','2025-04-12 21:13:28','logout'),
(168,91,'User logged out','2025-04-12 21:14:33','logout'),
(169,82,'User logged in','2025-04-12 21:34:41','login'),
(170,100,'Failed login attempt - incorrect password','2025-04-12 23:36:17','failed login'),
(171,100,'User logged in','2025-04-12 23:36:38','login'),
(172,87,'User logged in','2025-04-12 23:53:42','login'),
(173,100,'User logged out','2025-04-12 23:56:14','logout'),
(174,87,'User logged out','2025-04-12 23:56:27','logout'),
(175,100,'User logged in','2025-04-13 12:29:33','login'),
(176,82,'User logged in','2025-04-13 14:22:46','login'),
(177,100,'User logged out','2025-04-13 14:34:29','logout'),
(178,82,'User logged out','2025-04-13 14:34:42','logout'),
(179,82,'User logged in','2025-04-13 14:35:14','login'),
(180,100,'User logged in','2025-04-13 14:51:11','login'),
(181,72,'User logged in','2025-04-13 14:58:49','login'),
(182,72,'Updated profile','2025-04-13 15:00:38','profile update'),
(183,72,'User logged out','2025-04-13 15:00:57','logout'),
(184,70,'Failed login attempt - incorrect password','2025-04-13 15:01:12','failed login'),
(185,70,'User logged in','2025-04-13 15:01:20','login'),
(186,70,'Updated profile','2025-04-13 15:06:19','profile update'),
(187,70,'User logged out','2025-04-13 15:17:20','logout'),
(193,103,'User logged out','2025-04-13 15:40:29','logout'),
(194,100,'User logged in','2025-04-13 15:40:51','login'),
(200,100,'User logged out','2025-04-13 15:49:52','logout'),
(201,107,'User logged in','2025-04-13 15:50:15','login'),
(202,107,'Updated profile','2025-04-13 15:50:25','profile update'),
(203,107,'Created loan offer: Startup Loan','2025-04-13 16:03:18','loan offer creation'),
(204,107,'Edited loan offer, Product ID 44','2025-04-13 16:11:15','loan offer edit'),
(205,107,'User logged out','2025-04-13 16:12:19','logout'),
(206,75,'User logged in','2025-04-13 16:12:34','login'),
(207,108,'New Customer registration','2025-04-13 16:15:17','account registration'),
(208,100,'Registered Customer: chrismogaka@gmail.com','2025-04-13 16:15:17','user registration'),
(209,75,'User logged out','2025-04-13 16:45:05','logout'),
(210,70,'User logged in','2025-04-13 16:45:13','login'),
(211,100,'User logged out','2025-04-13 16:47:09','logout'),
(212,82,'User logged in','2025-04-13 16:47:29','login'),
(213,82,'Unrestricted loan creation to user premiercredit@gmail.com','2025-04-13 16:52:01','user restriction'),
(214,82,'Restricted loan creation to user premiercredit@gmail.com','2025-04-13 16:52:17','user restriction'),
(215,82,'Unblocked user ken@test.com','2025-04-13 16:53:13','user unblock'),
(216,70,'User logged out','2025-04-13 17:29:45','logout'),
(217,84,'User logged in','2025-04-13 17:31:11','login'),
(218,82,'Unblocked user terrymac@gmail.com','2025-04-13 17:31:33','user unblock'),
(219,84,'Failed login attempt - incorrect password','2025-04-13 17:31:54','failed login'),
(220,84,'User logged in','2025-04-13 17:32:32','login'),
(221,87,'User logged in','2025-04-13 17:33:49','login'),
(222,84,'Created loan offer: Green Loan','2025-04-13 17:34:41','loan offer creation'),
(223,87,'Applied for loan, Loan ID 112','2025-04-13 17:35:30','loan application'),
(224,84,'Approved loan application #112','2025-04-13 17:35:49','loan disbursal'),
(225,84,'Rejected loan application #69','2025-04-13 17:36:09','loan rejection'),
(226,82,'User logged out','2025-04-13 17:37:22','logout'),
(227,101,'User logged in','2025-04-13 17:37:47','login'),
(228,84,'User logged out','2025-04-13 17:38:13','logout'),
(229,82,'User logged in','2025-04-13 17:38:30','login'),
(230,101,'Restricted loan application for user chrismogaka@gmail.com','2025-04-13 17:39:08','user restriction'),
(231,82,'Unrestricted loan application for user chrismogaka@gmail.com','2025-04-13 17:40:07','user restriction'),
(232,87,'Updated profile','2025-04-13 17:41:50','profile update'),
(233,87,'Deleted loan application, Loan ID 102 ','2025-04-13 17:43:28','application deletion'),
(234,82,'User logged out','2025-04-13 17:44:22','logout'),
(235,87,'User logged out','2025-04-13 17:45:26','logout'),
(236,101,'User logged out','2025-04-13 17:45:35','logout'),
(237,75,'User logged in','2025-04-15 15:28:14','login'),
(238,101,'User logged in','2025-04-15 15:30:24','login'),
(239,70,'User logged in','2025-04-15 15:44:30','login'),
(240,70,'Applied for loan, Loan ID 113','2025-04-15 15:53:12','loan application'),
(241,75,'Edited loan offer, Product ID 30','2025-04-15 15:59:50','loan offer edit'),
(242,101,'Restricted loan creation to user pesapal@gmail.com','2025-04-15 16:00:44','user restriction'),
(243,75,'Updated profile','2025-04-15 16:01:56','profile update'),
(244,75,'User logged out','2025-04-15 16:03:25','logout'),
(245,70,'User logged out','2025-04-15 16:03:39','logout'),
(246,101,'User logged out','2025-04-15 16:03:52','logout'),
(247,82,'User logged in','2025-04-16 18:28:41','login'),
(248,70,'User logged in','2025-04-16 18:31:17','login'),
(249,70,'Applied for loan, Loan ID 114','2025-04-16 18:36:15','loan application'),
(250,82,'Blocked user chrismogaka@gmail.com','2025-04-16 18:38:49','user block'),
(251,85,'User logged in','2025-04-16 18:41:27','login'),
(252,82,'Failed login attempt - incorrect password','2025-04-16 19:09:45','failed login'),
(253,82,'User logged in','2025-04-16 19:10:02','login'),
(254,70,'User logged in','2025-04-16 19:13:53','login'),
(255,70,'User logged out','2025-04-16 19:37:10','logout'),
(256,85,'User logged out','2025-04-16 19:37:15','logout'),
(257,82,'User logged out','2025-04-16 19:37:44','logout'),
(258,86,'User logged in','2025-04-17 07:43:49','login'),
(259,101,'User logged in','2025-04-17 07:46:12','login'),
(260,82,'User logged in','2025-04-17 07:51:26','login'),
(261,88,'Failed login attempt - incorrect password','2025-04-17 08:16:01','failed login'),
(262,88,'User logged in','2025-04-17 08:16:17','login'),
(263,101,'User logged out','2025-04-17 08:28:25','logout'),
(264,107,'Failed login attempt - incorrect password','2025-04-17 08:29:45','failed login'),
(265,107,'User logged in','2025-04-17 08:30:08','login'),
(266,82,'User logged out','2025-04-17 08:34:23','logout'),
(267,70,'User logged in','2025-04-17 08:34:33','login'),
(268,88,'User logged out','2025-04-17 08:34:56','logout'),
(269,101,'User logged in','2025-04-17 08:35:26','login'),
(270,107,'User logged out','2025-04-17 08:36:44','logout'),
(271,70,'User logged out','2025-04-17 08:36:55','logout'),
(272,101,'User logged out','2025-04-17 08:37:30','logout'),
(273,82,'User logged in','2025-04-18 08:21:49','login'),
(274,82,'Restricted loan application for user ibrahim@test.com','2025-04-18 10:02:26','user restriction'),
(275,70,'User logged in','2025-04-18 10:18:00','login'),
(276,70,'User logged out','2025-04-18 11:58:02','logout'),
(277,87,'User logged in','2025-04-18 11:59:33','login'),
(278,87,'User logged out','2025-04-18 11:59:46','logout'),
(279,107,'User logged in','2025-04-18 12:01:58','login'),
(280,107,'User logged out','2025-04-18 12:02:19','logout'),
(281,75,'Failed login attempt - incorrect password','2025-04-18 12:02:28','failed login'),
(282,75,'Failed login attempt - incorrect password','2025-04-18 12:02:38','failed login'),
(283,75,'User logged in','2025-04-18 12:02:47','login'),
(284,88,'User logged in','2025-04-18 12:24:26','login'),
(285,88,'User logged out','2025-04-18 12:28:25','logout'),
(286,87,'User logged in','2025-04-18 12:38:58','login'),
(287,87,'Applied for loan, Loan ID 115','2025-04-18 12:46:42','loan application'),
(288,75,'User logged out','2025-04-18 12:59:56','logout'),
(289,101,'User logged in','2025-04-18 13:43:32','login'),
(290,101,'User logged out','2025-04-18 14:25:44','logout'),
(291,87,'User logged out','2025-04-18 14:25:56','logout'),
(292,100,'User logged in','2025-04-18 14:41:52','login'),
(293,109,'New Lender registration','2025-04-18 14:44:08','account registration'),
(294,109,'User logged out','2025-04-18 14:44:43','logout'),
(295,70,'User logged in','2025-04-18 14:45:07','login'),
(296,70,'Applied for loan, Loan ID 116','2025-04-18 14:50:29','loan application'),
(297,70,'User logged out','2025-04-18 14:51:29','logout'),
(298,85,'User logged in','2025-04-18 14:51:56','login'),
(299,85,'Approved loan application #116','2025-04-18 14:52:54','loan disbursal'),
(300,85,'User logged out','2025-04-18 14:53:02','logout'),
(301,101,'User logged in','2025-04-18 14:53:47','login'),
(302,101,'User logged out','2025-04-18 15:01:27','logout'),
(303,82,'User logged in','2025-04-18 20:15:59','login'),
(304,102,'User logged in','2025-04-18 20:32:53','login'),
(305,70,'User logged in','2025-04-19 08:56:35','login'),
(306,70,'User logged out','2025-04-19 09:04:17','logout'),
(307,72,'User logged in','2025-04-19 09:04:29','login'),
(308,72,'User logged out','2025-04-19 09:06:23','logout'),
(309,100,'User logged in','2025-04-19 09:06:48','login'),
(310,82,'Failed login attempt - incorrect password','2025-04-20 09:25:14','failed login'),
(311,82,'User logged in','2025-04-20 09:25:24','login'),
(312,70,'User logged in','2025-04-20 09:27:06','login'),
(313,70,'User logged out','2025-04-20 09:28:52','logout'),
(314,72,'User logged in','2025-04-20 09:29:03','login'),
(315,72,'Approved loan application #109','2025-04-20 09:30:59','loan disbursal'),
(316,72,'Updated profile','2025-04-20 09:31:32','profile update'),
(317,82,'User logged out','2025-04-20 09:32:46','logout'),
(318,82,'User logged in','2025-04-20 10:43:17','login'),
(319,72,'User logged in','2025-04-20 10:48:25','login'),
(320,72,'Updated profile','2025-04-20 10:48:35','profile update'),
(321,72,'User logged out','2025-04-20 10:57:18','logout'),
(322,88,'User logged in','2025-04-20 10:57:34','login'),
(323,88,'User logged out','2025-04-20 11:03:02','logout'),
(324,71,'User logged in','2025-04-20 11:03:28','login'),
(325,82,'User logged out','2025-04-20 11:11:59','logout'),
(326,70,'User logged in','2025-04-20 11:12:44','login'),
(327,70,'User logged out','2025-04-20 13:56:20','logout'),
(328,70,'User logged in','2025-04-21 15:12:58','login'),
(329,70,'User logged out','2025-04-21 16:12:04','logout'),
(330,70,'User logged in','2025-04-21 16:12:32','login'),
(331,88,'User logged in','2025-04-21 16:14:29','login'),
(332,88,'User logged out','2025-04-21 16:14:35','logout'),
(333,87,'User logged in','2025-04-21 16:14:45','login'),
(334,70,'User logged out','2025-04-21 16:29:06','logout'),
(335,87,'User logged in','2025-04-21 16:29:16','login'),
(336,87,'User logged out','2025-04-21 18:31:59','logout'),
(337,88,'User logged in','2025-04-21 18:33:06','login'),
(338,88,'User logged out','2025-04-21 18:33:15','logout'),
(339,70,'User logged in','2025-04-21 18:33:41','login'),
(340,70,'User logged in','2025-04-21 18:34:21','login'),
(341,70,'User logged out','2025-04-21 18:41:02','logout'),
(342,87,'User logged in','2025-04-21 18:41:13','login'),
(343,87,'User logged in','2025-04-22 09:04:10','login'),
(344,87,'Updated profile','2025-04-22 09:04:29','profile update'),
(345,87,'Updated profile','2025-04-22 09:04:29','profile update'),
(346,87,'Applied for loan, Loan ID 117','2025-04-22 09:05:25','loan application'),
(347,87,'Deleted loan application, Loan ID 117 ','2025-04-22 09:06:02','application deletion'),
(348,87,'User logged out','2025-04-22 09:13:30','logout'),
(349,70,'User logged in','2025-04-22 09:13:41','login'),
(350,70,'User logged out','2025-04-22 09:34:54','logout'),
(351,88,'User logged in','2025-04-22 09:35:11','login'),
(352,88,'User logged out','2025-04-22 09:35:16','logout'),
(353,83,'User logged in','2025-04-22 09:35:30','login'),
(354,83,'User logged out','2025-04-22 09:49:15','logout'),
(355,83,'User logged in','2025-04-22 09:49:30','login'),
(356,83,'User logged out','2025-04-22 10:01:16','logout'),
(357,82,'User logged in','2025-04-22 10:32:59','login'),
(358,82,'User logged out','2025-04-22 10:33:03','logout'),
(359,88,'User logged in','2025-04-22 11:49:27','login'),
(360,88,'User logged out','2025-04-22 11:56:47','logout'),
(361,83,'User logged in','2025-04-22 11:57:01','login'),
(362,83,'User logged out','2025-04-22 12:05:45','logout'),
(363,70,'User logged in','2025-04-22 12:05:56','login'),
(364,70,'User logged out','2025-04-22 12:08:18','logout'),
(365,72,'User logged in','2025-04-22 12:08:29','login'),
(366,72,'Edited loan offer, Product ID 43','2025-04-22 12:09:45','loan offer edit'),
(367,72,'User logged out','2025-04-22 12:11:09','logout'),
(368,82,'User logged in','2025-04-22 12:11:18','login'),
(369,82,'User logged out','2025-04-22 12:13:30','logout'),
(370,88,'User logged in','2025-04-24 12:14:53','login'),
(371,88,'User logged out','2025-04-24 12:15:00','logout'),
(372,70,'User logged in','2025-04-24 12:15:10','login'),
(373,70,'User logged out','2025-04-24 12:17:52','logout'),
(374,82,'User logged in','2025-04-24 14:10:43','login'),
(375,82,'Restricted loan creation to user gloria@gmail.com','2025-04-24 14:11:05','user restriction'),
(376,82,'Unrestricted loan creation to user gloria@gmail.com','2025-04-24 14:11:07','user restriction'),
(377,82,'User logged out','2025-04-24 14:42:15','logout'),
(378,70,'User logged in','2025-04-24 15:42:51','login'),
(379,70,'User logged out','2025-04-24 16:04:09','logout'),
(380,82,'User logged in','2025-04-24 16:05:51','login'),
(381,82,'User logged out','2025-04-24 16:06:17','logout'),
(382,72,'Failed login attempt - incorrect password','2025-04-24 16:06:30','failed login'),
(383,72,'User logged in','2025-04-24 16:06:40','login'),
(384,83,'User logged in','2025-04-24 16:07:26','login'),
(385,72,'User logged out','2025-04-24 16:12:58','logout'),
(386,87,'User logged in','2025-04-24 16:13:13','login'),
(387,87,'Updated profile','2025-04-24 16:19:41','profile update'),
(388,83,'User logged out','2025-04-24 16:20:41','logout'),
(389,101,'User logged in','2025-04-24 16:20:56','login'),
(390,87,'User logged out','2025-04-24 16:24:28','logout'),
(391,101,'User logged out','2025-04-24 16:28:08','logout'),
(392,88,'User logged in','2025-04-24 16:28:40','login'),
(393,88,'User logged out','2025-04-24 16:37:25','logout'),
(394,86,'User logged in','2025-04-24 16:48:26','login'),
(395,86,'User logged out','2025-04-24 16:49:19','logout'),
(396,70,'User logged in','2025-04-24 17:11:23','login'),
(397,83,'Failed login attempt - incorrect password','2025-04-24 19:00:40','failed login'),
(398,87,'User logged in','2025-04-24 19:00:55','login'),
(399,87,'User logged out','2025-04-24 19:44:46','logout'),
(400,82,'User logged in','2025-04-24 19:47:47','login'),
(401,82,'User logged out','2025-04-24 20:00:02','logout'),
(402,82,'User logged in','2025-04-24 20:04:09','login'),
(403,70,'User logged in','2025-04-25 11:32:45','login'),
(404,70,'Applied for loan, Loan ID 118','2025-04-25 13:34:48','loan application'),
(405,70,'User logged out','2025-04-25 14:20:09','logout'),
(406,72,'User logged in','2025-04-25 14:20:18','login'),
(407,72,'Edited loan offer, offer ID 43','2025-04-25 14:25:50','loan offer edit'),
(408,72,'Edited loan offer, offer ID 21','2025-04-25 14:31:04','loan offer edit'),
(409,72,'Created loan offer: Agricultural Loan','2025-04-25 14:33:41','loan offer creation'),
(410,72,'Deleted loan offer, offer ID 46','2025-04-25 14:33:47','loan offer deletion'),
(411,72,'User logged out','2025-04-25 15:07:25','logout'),
(412,70,'User logged in','2025-04-25 15:07:41','login'),
(413,70,'User logged out','2025-04-25 15:56:15','logout'),
(414,87,'User logged in','2025-04-25 15:56:26','login'),
(415,87,'Processed payment of 15000 for loan ID 74','2025-04-25 15:57:01','payment'),
(416,87,'Processed payment of 15000 for loan ID 112','2025-04-25 15:57:34','payment'),
(417,87,'Processed payment of 5000 for loan ID 74','2025-04-25 15:58:18','payment'),
(418,87,'Processed payment of 15000 for loan ID 75','2025-04-25 16:03:02','payment'),
(419,87,'Processed payment of 15000 for loan ID 75','2025-04-25 16:04:09','payment'),
(420,87,'Processed payment of 100000 for loan ID 72','2025-04-25 16:04:32','payment'),
(421,87,'Processed payment of 100000 for loan ID 72','2025-04-25 16:04:57','payment'),
(422,87,'Processed payment of 200000 for loan ID 75','2025-04-25 16:29:31','payment'),
(423,87,'User logged out','2025-04-25 16:41:43','logout'),
(424,72,'User logged in','2025-04-25 16:41:56','login'),
(425,72,'User logged out','2025-04-25 16:42:32','logout'),
(426,70,'User logged in','2025-04-25 16:42:42','login'),
(427,70,'Processed payment of 3000000 for loan ID 116','2025-04-25 16:43:21','payment'),
(428,70,'Processed payment of 15000 for loan ID 78','2025-04-25 18:03:05','payment'),
(429,70,'Processed payment of 50500 for loan ID 78','2025-04-25 18:06:12','payment'),
(430,70,'Processed payment of 12200 for loan ID 88','2025-04-25 18:06:54','payment'),
(431,70,'Processed payment of 90000 for loan ID 89','2025-04-25 18:25:56','payment'),
(432,70,'Processed payment of 100000 for loan ID 97','2025-04-25 18:26:26','payment'),
(433,70,'Processed payment of 200 for loan ID 78','2025-04-25 18:27:29','payment'),
(434,72,'User logged in','2025-04-25 18:43:15','login'),
(435,72,'User logged out','2025-04-25 19:16:37','logout'),
(436,82,'User logged in','2025-04-25 19:19:04','login'),
(437,82,'User logged out','2025-04-25 19:23:09','logout'),
(438,70,'User logged in','2025-04-25 23:04:24','login'),
(439,70,'Processed payment of 15000 for loan ID 116','2025-04-25 23:05:59','payment'),
(440,70,'Processed payment of 50500 for loan ID 97','2025-04-25 23:06:26','payment'),
(441,70,'Processed payment of 12200 for loan ID 78','2025-04-25 23:07:48','payment'),
(442,70,'User logged out','2025-04-25 23:09:33','logout'),
(443,93,'User logged in','2025-04-25 23:22:54','login'),
(444,93,'User logged out','2025-04-25 23:23:14','logout'),
(445,87,'User logged in','2025-04-25 23:41:15','login'),
(446,87,'Applied for loan, Loan ID 119','2025-04-25 23:42:10','loan application'),
(447,87,'User logged out','2025-04-25 23:57:56','logout'),
(448,72,'User logged in','2025-04-25 23:58:07','login'),
(449,72,'User logged out','2025-04-25 23:58:11','logout'),
(450,70,'User logged in','2025-04-26 00:28:18','login'),
(451,70,'User logged out','2025-04-26 01:28:40','logout'),
(452,86,'User logged in','2025-04-26 01:28:54','login'),
(453,86,'Processed payment of 90000 for loan ID 87','2025-04-26 01:29:27','payment'),
(454,86,'User logged out','2025-04-26 01:37:24','logout'),
(455,88,'User logged in','2025-04-26 01:37:36','login'),
(456,88,'Processed payment of 10000 for loan ID 56','2025-04-26 01:45:52','payment'),
(457,88,'Processed payment of 250000 for loan ID 68','2025-04-26 01:46:32','payment'),
(458,88,'Processed payment of 50000 for loan ID 108','2025-04-26 02:40:21','payment'),
(459,88,'Processed payment of 1200 for loan ID 66','2025-04-26 02:40:57','payment'),
(460,88,'Processed payment of 60000 for loan ID 95','2025-04-26 02:56:46','payment'),
(461,70,'User logged in','2025-04-26 09:19:58','login'),
(462,70,'User logged out','2025-04-26 10:03:20','logout'),
(463,87,'User logged in','2025-04-26 10:03:45','login'),
(464,87,'Processed payment of 20000 for loan ID 75','2025-04-26 11:01:31','payment'),
(465,87,'Applied for loan, Loan ID 120','2025-04-26 11:25:38','loan application'),
(466,82,'User logged in','2025-04-26 11:26:44','login'),
(467,82,'User logged out','2025-04-26 12:01:19','logout'),
(468,84,'Failed login attempt - incorrect password','2025-04-26 12:01:43','failed login'),
(469,72,'User logged in','2025-04-26 12:01:53','login'),
(470,87,'Applied for loan, Loan ID 121','2025-04-26 12:03:06','loan application'),
(471,72,'Approved loan application #121','2025-04-26 12:03:30','loan disbursal'),
(472,87,'Processed payment of 22 for loan ID 121','2025-04-26 12:20:23','payment'),
(473,87,'Processed payment of 200 for loan ID 121','2025-04-26 12:22:07','payment'),
(474,87,'Processed payment of 1002 for loan ID 121','2025-04-26 12:22:46','payment'),
(475,87,'Applied for loan, Loan ID 122','2025-04-26 12:24:15','loan application'),
(476,72,'Approved loan application #122','2025-04-26 12:24:35','loan disbursal'),
(477,87,'Processed payment of 500 for loan ID 122','2025-04-26 12:26:09','payment'),
(478,87,'User logged out','2025-04-26 12:32:30','logout'),
(479,70,'User logged in','2025-04-26 12:33:05','login'),
(480,72,'User logged out','2025-04-26 12:33:12','logout'),
(481,72,'User logged in','2025-04-26 12:33:24','login'),
(482,70,'Applied for loan, Loan ID 123','2025-04-26 12:33:55','loan application'),
(483,72,'Approved loan application #123','2025-04-26 12:34:11','loan disbursal'),
(484,70,'Processed payment of 20000 for loan ID 123','2025-04-26 12:35:19','payment'),
(485,70,'Processed payment of 10000 for loan ID 123','2025-04-26 12:42:56','payment'),
(486,70,'Processed payment of 5000 for loan ID 123','2025-04-26 12:44:43','payment'),
(487,70,'Processed payment of 10000 for loan ID 123','2025-04-26 12:57:16','payment'),
(488,70,'User logged out','2025-04-26 12:57:35','logout'),
(489,87,'User logged in','2025-04-26 12:58:00','login'),
(490,87,'Applied for loan, Loan ID 124','2025-04-26 12:58:47','loan application'),
(491,72,'Approved loan application #124','2025-04-26 12:59:23','loan disbursal'),
(492,72,'User logged out','2025-04-26 13:02:11','logout'),
(493,82,'User logged in','2025-04-26 13:02:24','login'),
(494,87,'User logged out','2025-04-26 13:09:37','logout'),
(495,72,'User logged in','2025-04-26 13:10:00','login'),
(496,72,'User logged out','2025-04-26 13:10:29','logout'),
(497,82,'User logged out','2025-04-26 13:10:45','logout'),
(498,70,'User logged in','2025-04-26 20:40:56','login'),
(499,70,'User logged out','2025-04-26 20:41:07','logout'),
(500,88,'User logged in','2025-04-26 20:41:50','login'),
(501,82,'User logged in','2025-04-26 20:42:22','login'),
(502,82,'Unrestricted loan application for user ibrahim@test.com','2025-04-26 20:42:33','user restriction'),
(503,82,'User logged out','2025-04-26 20:42:38','logout'),
(504,72,'User logged in','2025-04-26 20:42:58','login'),
(505,88,'Applied for loan, Loan ID 125','2025-04-26 20:43:32','loan application'),
(506,72,'Approved loan application #125','2025-04-26 20:44:40','loan disbursal'),
(507,88,'Processed payment of 30000 for loan ID 125','2025-04-26 20:54:53','payment'),
(508,88,'Processed payment of 21000 for loan ID 125','2025-04-26 20:56:21','payment'),
(509,72,'User logged out','2025-04-26 20:57:50','logout'),
(510,82,'User logged in','2025-04-26 20:58:01','login'),
(511,88,'User logged out','2025-04-26 21:01:46','logout'),
(512,101,'User logged in','2025-04-26 21:26:15','login'),
(513,101,'User logged out','2025-04-26 21:36:35','logout'),
(514,70,'Failed login attempt - incorrect password','2025-04-26 21:36:53','failed login'),
(515,70,'User logged in','2025-04-26 21:37:03','login'),
(516,70,'User logged out','2025-04-26 21:53:20','logout'),
(517,88,'User logged in','2025-04-26 21:53:32','login'),
(518,88,'User logged out','2025-04-26 21:59:39','logout'),
(519,70,'User logged in','2025-04-26 22:03:24','login'),
(520,70,'User logged out','2025-04-26 22:03:35','logout'),
(521,72,'User logged in','2025-04-26 22:09:03','login'),
(522,72,'User logged out','2025-04-26 22:14:07','logout'),
(523,88,'Failed login attempt - incorrect password','2025-04-27 09:15:51','failed login'),
(524,88,'User logged in','2025-04-27 09:16:02','login'),
(525,88,'Applied for loan, Loan ID 126','2025-04-27 09:32:43','loan application'),
(526,107,'User logged in','2025-04-27 09:33:27','login'),
(527,107,'Approved loan application #126','2025-04-27 09:33:50','loan disbursal'),
(528,88,'Processed payment of 10000 for loan ID 126','2025-04-27 09:34:45','payment'),
(529,88,'Processed payment of 41000 for loan ID 126','2025-04-27 09:35:24','payment'),
(530,107,'Created loan offer: Student Loan','2025-04-27 09:55:31','loan offer creation'),
(531,88,'Applied for loan, Loan ID 127','2025-04-27 09:56:18','loan application'),
(532,107,'Approved loan application #127','2025-04-27 09:56:48','loan disbursal'),
(533,88,'Processed payment of 100000 for loan ID 127','2025-04-27 09:58:21','payment'),
(534,107,'User logged out','2025-04-27 09:59:34','logout'),
(535,82,'User logged in','2025-04-27 09:59:43','login'),
(536,82,'User logged out','2025-04-27 10:15:40','logout'),
(537,107,'User logged in','2025-04-27 10:16:01','login'),
(538,88,'User logged out','2025-04-27 10:16:10','logout'),
(539,87,'User logged in','2025-04-27 10:16:21','login'),
(540,87,'User logged out','2025-04-27 10:16:36','logout'),
(541,87,'User logged in','2025-04-27 10:16:47','login'),
(542,87,'User logged out','2025-04-27 10:23:08','logout'),
(543,87,'User logged in','2025-04-27 10:23:18','login'),
(544,87,'User logged out','2025-04-27 10:23:28','logout'),
(545,87,'User logged in','2025-04-27 10:23:37','login'),
(546,87,'User logged out','2025-04-27 10:39:36','logout'),
(547,87,'User logged in','2025-04-27 10:39:45','login'),
(548,87,'User logged out','2025-04-27 10:39:51','logout'),
(549,87,'User logged in','2025-04-27 10:40:03','login'),
(550,87,'User logged out','2025-04-27 10:42:09','logout'),
(551,87,'User logged in','2025-04-27 10:42:25','login'),
(552,87,'User logged out','2025-04-27 10:56:36','logout'),
(553,107,'User logged out','2025-04-27 10:57:31','logout'),
(554,87,'User logged in','2025-04-27 20:18:04','login'),
(555,87,'User logged out','2025-04-27 20:20:11','logout'),
(556,70,'User logged in','2025-04-27 20:20:22','login'),
(557,70,'User logged out','2025-04-27 20:21:01','logout'),
(558,70,'User logged in','2025-04-27 20:21:12','login'),
(559,70,'User logged out','2025-04-27 20:26:01','logout'),
(560,70,'User logged in','2025-04-27 20:26:15','login'),
(561,70,'User logged out','2025-04-27 20:26:36','logout'),
(562,87,'User logged in','2025-04-27 20:53:18','login'),
(563,87,'User logged out','2025-04-27 20:53:27','logout'),
(564,70,'User logged in','2025-04-27 20:53:40','login'),
(565,70,'User logged out','2025-04-27 21:02:13','logout'),
(566,87,'User logged in','2025-04-27 21:02:22','login'),
(567,87,'User logged out','2025-04-27 21:02:37','logout'),
(568,88,'User logged in','2025-04-27 21:02:51','login'),
(569,88,'User logged out','2025-04-27 21:04:04','logout'),
(570,70,'User logged in','2025-04-27 21:04:13','login'),
(571,70,'User logged out','2025-04-27 21:06:37','logout'),
(572,87,'User logged in','2025-04-27 21:06:49','login'),
(573,87,'User logged out','2025-04-27 21:12:12','logout'),
(574,70,'User logged in','2025-04-27 21:12:22','login'),
(575,70,'Payment of 1200 for loan 123','2025-04-27 21:13:12','payment'),
(576,70,'Payment of 1200 for loan 123','2025-04-27 21:13:43','payment'),
(577,70,'User logged out','2025-04-27 21:15:20','logout'),
(578,70,'User logged in','2025-04-27 21:15:53','login'),
(579,70,'User logged out','2025-04-27 21:17:04','logout'),
(580,87,'User logged in','2025-04-27 21:17:13','login'),
(581,87,'User logged out','2025-04-27 21:26:19','logout'),
(582,70,'User logged in','2025-04-27 21:26:31','login'),
(583,70,'Payment of 10000 for loan 123','2025-04-27 21:27:09','payment'),
(584,70,'Payment of 1200 for loan 123','2025-04-27 21:45:35','payment'),
(585,70,'Processed payment of 1200 for loan ID 123','2025-04-27 21:46:50','payment'),
(586,70,'User logged out','2025-04-27 21:47:05','logout'),
(587,70,'User logged in','2025-04-27 21:47:16','login'),
(588,70,'User logged out','2025-04-27 21:47:21','logout'),
(589,70,'User logged in','2025-04-27 21:50:45','login'),
(590,70,'User logged out','2025-04-27 22:09:29','logout'),
(591,70,'User logged in','2025-04-27 22:09:40','login'),
(592,70,'User logged out','2025-04-27 22:10:53','logout'),
(593,70,'User logged in','2025-04-27 22:11:02','login'),
(594,70,'User logged out','2025-04-27 22:11:46','logout'),
(595,93,'Failed login attempt - incorrect password','2025-04-27 22:11:57','failed login'),
(596,72,'User logged in','2025-04-27 22:12:08','login'),
(597,72,'User logged out','2025-04-27 22:13:35','logout'),
(598,87,'User logged in','2025-04-28 00:56:38','login'),
(599,72,'User logged in','2025-04-28 00:57:49','login'),
(600,87,'Processed payment of 7000 for loan ID 124','2025-04-28 00:59:32','payment'),
(601,72,'User logged out','2025-04-28 01:01:45','logout'),
(602,82,'User logged in','2025-04-28 01:01:54','login'),
(603,82,'User logged out','2025-04-28 01:03:14','logout'),
(604,87,'User logged out','2025-04-28 01:03:22','logout'),
(605,70,'User logged in','2025-04-28 14:33:57','login'),
(606,70,'User logged in','2025-04-28 14:49:40','login'),
(607,70,'User logged out','2025-04-28 14:59:59','logout'),
(608,70,'User logged in','2025-04-28 15:00:09','login'),
(609,70,'Processed payment of 1200 for loan ID 123','2025-04-28 15:02:44','payment'),
(610,70,'User logged out','2025-04-28 15:20:10','logout'),
(611,88,'User logged in','2025-04-28 15:20:21','login'),
(612,70,'User logged in','2025-04-28 16:28:42','login'),
(613,72,'User logged in','2025-04-28 16:29:09','login'),
(614,70,'Applied for loan, Loan ID 128','2025-04-28 16:30:54','loan application'),
(615,72,'Approved loan application #128','2025-04-28 16:32:00','loan disbursal'),
(616,70,'Processed payment of 50000 for loan ID 128','2025-04-28 16:33:28','payment'),
(617,70,'Processed payment of 56000 for loan ID 128','2025-04-28 16:34:37','payment'),
(618,72,'Created loan offer: Medical Loan','2025-04-28 16:35:48','loan offer creation'),
(619,72,'Edited loan offer, offer ID 48','2025-04-28 16:36:01','loan offer edit'),
(620,70,'User logged out','2025-04-28 16:36:54','logout'),
(621,82,'User logged in','2025-04-28 16:37:02','login'),
(622,82,'Restricted loan creation to user lenderdummy@gmail.com','2025-04-28 16:38:35','user restriction'),
(623,82,'Unrestricted loan creation to user lenderdummy@gmail.com','2025-04-28 16:39:09','user restriction'),
(624,82,'Blocked user lenderdummy@gmail.com','2025-04-28 16:39:26','user block'),
(625,82,'User logged out','2025-04-28 16:40:44','logout'),
(626,88,'Failed login attempt - incorrect password','2025-04-28 20:04:05','failed login'),
(627,88,'User logged in','2025-04-28 20:04:18','login'),
(628,88,'Processed payment of 50000 for loan ID 127','2025-04-28 20:04:57','payment'),
(629,70,'User logged in','2025-04-28 20:31:39','login'),
(630,87,'User logged in','2025-04-28 20:59:15','login'),
(631,87,'Processed payment of 5480 for loan ID 124','2025-04-28 21:00:25','payment'),
(632,87,'User logged out','2025-04-28 21:40:07','logout'),
(633,86,'User logged in','2025-04-29 06:54:54','login'),
(634,86,'User logged out','2025-04-29 06:56:44','logout'),
(635,87,'User logged in','2025-04-29 06:56:59','login'),
(636,87,'User logged out','2025-04-29 06:59:07','logout'),
(637,72,'User logged in','2025-04-29 06:59:22','login'),
(638,82,'User logged in','2025-04-29 06:59:44','login'),
(639,82,'Unblocked user lenderdummy@gmail.com','2025-04-29 07:00:31','user unblock'),
(640,82,'User logged out','2025-04-29 07:14:58','logout'),
(641,82,'User logged in','2025-04-30 18:49:19','login'),
(642,82,'User logged out','2025-04-30 18:52:00','logout'),
(643,83,'User logged in','2025-04-30 18:52:12','login'),
(644,83,'User logged out','2025-04-30 18:57:44','logout'),
(645,75,'Failed login attempt - incorrect password','2025-04-30 18:58:05','failed login'),
(646,75,'User logged in','2025-04-30 18:58:23','login'),
(647,75,'User logged out','2025-04-30 18:59:14','logout'),
(648,110,'New Lender registration','2025-05-02 17:33:23','account registration'),
(649,110,'Created loan offer: Student Loan','2025-05-02 17:34:56','loan offer creation'),
(650,70,'User logged in','2025-05-02 17:35:53','login'),
(651,70,'Applied for loan, Loan ID 129','2025-05-02 17:38:18','loan application'),
(652,110,'Approved loan application #129','2025-05-02 17:39:13','loan disbursal'),
(653,70,'Processed payment of 10000 for loan ID 129','2025-05-02 17:40:35','payment'),
(654,110,'User logged out','2025-05-02 17:41:12','logout'),
(655,82,'User logged in','2025-05-02 17:41:25','login'),
(656,82,'Restricted loan creation to user jeptooxx@gmail.com','2025-05-02 17:42:25','user restriction'),
(657,82,'Unrestricted loan creation to user jeptooxx@gmail.com','2025-05-02 17:42:33','user restriction'),
(658,82,'Restricted loan application for user customer121@gmail.com','2025-05-02 17:42:41','user restriction'),
(659,82,'Blocked user customer121@gmail.com','2025-05-02 17:43:08','user block'),
(660,82,'Unblocked user customer121@gmail.com','2025-05-02 17:44:05','user unblock'),
(661,70,'User logged in','2025-05-02 17:44:18','login'),
(662,70,'Updated profile','2025-05-02 17:44:36','profile update'),
(663,82,'User logged out','2025-05-02 17:45:21','logout'),
(664,87,'User logged in','2025-05-05 16:09:23','login'),
(665,87,'User logged out','2025-05-05 16:11:14','logout'),
(666,70,'User logged in','2025-05-05 16:22:16','login'),
(667,70,'Updated profile','2025-05-05 16:26:51','profile update'),
(668,70,'User logged out','2025-05-05 16:27:52','logout'),
(669,72,'User logged in','2025-05-05 16:28:07','login'),
(670,111,'New Customer registration','2025-05-05 17:17:02','account registration'),
(671,111,'Applied for loan, Loan ID 130','2025-05-05 17:28:09','loan application'),
(672,72,'User logged out','2025-05-05 17:29:03','logout'),
(673,91,'User logged in','2025-05-05 17:29:22','login'),
(674,91,'User logged in','2025-05-05 17:29:38','login'),
(675,111,'User logged out','2025-05-05 17:32:25','logout'),
(676,72,'User logged in','2025-05-05 17:32:35','login'),
(677,72,'User logged out','2025-05-05 17:33:31','logout'),
(678,91,'Approved loan application #130','2025-05-05 17:34:42','loan disbursal'),
(679,111,'User logged in','2025-05-05 17:35:45','login'),
(680,111,'Processed payment of 50000 for loan ID 130','2025-05-05 17:39:55','payment'),
(681,111,'Processed payment of 52500 for loan ID 130','2025-05-05 17:41:10','payment'),
(682,111,'User logged out','2025-05-05 17:42:07','logout'),
(683,82,'User logged in','2025-05-05 17:42:18','login'),
(684,82,'Restricted loan application for user lendondole@gmail.com','2025-05-05 17:43:03','user restriction'),
(685,82,'Unrestricted loan application for user lendondole@gmail.com','2025-05-05 17:43:20','user restriction'),
(686,91,'User logged out','2025-05-05 17:46:32','logout'),
(687,72,'User logged in','2025-05-05 17:46:42','login'),
(688,72,'User logged out','2025-05-05 17:54:58','logout'),
(689,72,'User logged in','2025-05-05 17:55:09','login'),
(690,72,'User logged out','2025-05-05 18:07:14','logout'),
(691,72,'User logged in','2025-05-05 18:07:24','login'),
(692,72,'User logged out','2025-05-05 18:08:06','logout'),
(693,72,'User logged in','2025-05-05 18:08:16','login'),
(694,72,'User logged out','2025-05-05 18:09:19','logout'),
(695,75,'User logged in','2025-05-05 18:09:30','login'),
(696,75,'User logged out','2025-05-05 18:10:27','logout'),
(697,91,'User logged in','2025-05-05 18:10:36','login'),
(698,91,'User logged out','2025-05-05 18:18:21','logout'),
(699,72,'User logged in','2025-05-05 18:18:37','login'),
(700,72,'User logged in','2025-05-05 19:11:56','login'),
(701,72,'User logged out','2025-05-05 19:12:57','logout'),
(702,72,'User logged in','2025-05-05 19:13:10','login'),
(703,72,'User logged out','2025-05-05 19:14:49','logout'),
(704,72,'User logged in','2025-05-05 19:14:58','login'),
(705,72,'User logged out','2025-05-05 19:32:19','logout'),
(706,91,'User logged in','2025-05-05 19:32:40','login'),
(707,91,'User logged out','2025-05-05 19:33:14','logout'),
(708,107,'Failed login attempt - incorrect password','2025-05-05 19:36:21','failed login'),
(709,107,'User logged in','2025-05-05 19:36:35','login'),
(710,107,'User logged out','2025-05-05 19:40:37','logout'),
(711,72,'User logged in','2025-05-05 19:43:36','login'),
(712,72,'Updated profile','2025-05-05 19:58:00','profile update'),
(713,72,'Updated profile','2025-05-05 19:58:06','profile update'),
(714,72,'User logged out','2025-05-05 20:18:55','logout'),
(715,72,'User logged in','2025-05-05 20:19:06','login'),
(716,72,'User logged out','2025-05-05 20:21:03','logout'),
(717,72,'User logged in','2025-05-05 22:06:52','login'),
(718,72,'User logged out','2025-05-05 22:12:05','logout'),
(719,85,'User logged in','2025-05-05 22:12:30','login'),
(720,85,'User logged out','2025-05-05 22:13:50','logout'),
(721,72,'User logged in','2025-05-05 22:14:28','login'),
(722,87,'User logged in','2025-05-05 22:15:51','login'),
(723,87,'Applied for loan, Loan ID 131','2025-05-05 22:17:46','loan application'),
(724,72,'Approved loan application #131','2025-05-05 22:18:18','loan disbursal'),
(725,87,'Processed payment of 12000 for loan ID 131','2025-05-05 22:21:03','payment'),
(726,87,'Processed payment of 30000 for loan ID 131','2025-05-05 22:21:24','payment'),
(727,70,'User logged in','2025-05-06 17:04:50','login'),
(728,70,'Processed payment of 1200 for loan ID 129','2025-05-06 17:10:09','payment'),
(729,70,'Processed payment of 1200 for loan ID 129','2025-05-06 17:10:56','payment'),
(730,70,'Processed payment of 41000 for loan ID 129','2025-05-06 17:11:55','payment'),
(731,70,'User logged out','2025-05-06 17:14:19','logout'),
(732,72,'User logged in','2025-05-06 17:14:28','login'),
(733,87,'User logged in','2025-05-06 17:16:37','login'),
(734,87,'Processed payment of 1200 for loan ID 131','2025-05-06 17:16:49','payment'),
(735,70,'User logged in','2025-05-06 18:39:11','login'),
(736,70,'User logged in','2025-05-06 19:00:46','login'),
(737,72,'User logged in','2025-05-06 19:11:28','login'),
(738,72,'User logged out','2025-05-06 19:11:34','logout'),
(739,70,'User logged in','2025-05-06 19:11:43','login'),
(740,70,'User logged out','2025-05-06 19:37:25','logout'),
(741,87,'User logged in','2025-05-06 19:37:35','login'),
(742,87,'User logged out','2025-05-06 19:38:23','logout'),
(743,82,'User logged in','2025-05-06 19:38:31','login'),
(744,70,'User logged in','2025-05-06 19:44:52','login'),
(745,70,'User logged out','2025-05-06 19:54:09','logout'),
(746,87,'User logged in','2025-05-06 20:35:27','login'),
(747,87,'Processed payment of 36000 for loan ID 131','2025-05-06 20:36:36','payment'),
(748,72,'User logged in','2025-05-06 20:37:30','login'),
(749,72,'User logged out','2025-05-06 20:42:24','logout'),
(750,82,'User logged in','2025-05-06 21:04:27','login'),
(751,82,'User logged out','2025-05-06 21:07:46','logout'),
(752,75,'User logged in','2025-05-06 21:07:56','login'),
(753,75,'User logged out','2025-05-06 21:08:16','logout'),
(754,107,'Failed login attempt - incorrect password','2025-05-06 21:08:28','failed login'),
(755,107,'User logged in','2025-05-06 21:08:39','login'),
(756,107,'User logged out','2025-05-06 21:11:23','logout'),
(757,88,'User logged in','2025-05-06 21:11:56','login'),
(758,88,'User logged out','2025-05-06 21:13:36','logout'),
(759,88,'User logged in','2025-05-07 08:58:04','login'),
(760,88,'User logged out','2025-05-07 09:06:54','logout'),
(761,72,'User logged in','2025-05-07 09:07:04','login'),
(762,72,'User logged out','2025-05-07 09:13:28','logout'),
(763,82,'User logged in','2025-05-07 09:13:36','login'),
(764,82,'User logged out','2025-05-07 09:14:47','logout'),
(765,70,'User logged in','2025-05-07 14:02:47','login'),
(766,70,'Applied for loan, Loan ID 132','2025-05-07 14:30:27','loan application'),
(767,91,'User logged in','2025-05-07 14:31:05','login'),
(768,91,'Approved loan application #132','2025-05-07 14:31:33','loan disbursal'),
(769,70,'User logged in','2025-05-07 14:32:21','login'),
(770,70,'Processed payment of 10000 for loan ID 132','2025-05-07 14:32:41','payment'),
(771,70,'Processed payment of 10000 for loan ID 132','2025-05-07 14:53:23','payment'),
(772,70,'User logged out','2025-05-07 15:19:44','logout'),
(773,70,'User logged in','2025-05-07 15:19:54','login'),
(774,72,'User logged in','2025-05-07 16:52:56','login'),
(775,72,'User logged out','2025-05-07 16:54:21','logout'),
(776,70,'Applied for loan, Loan ID 133','2025-05-07 17:29:56','loan application'),
(777,70,'Applied for loan, Loan ID 134','2025-05-07 17:31:09','loan application'),
(778,107,'User logged in','2025-05-07 17:32:09','login'),
(779,107,'Rejected loan application #134','2025-05-07 17:33:58','loan rejection'),
(780,70,'Deleted loan application, Loan ID 134 ','2025-05-07 17:34:21','application deletion'),
(781,107,'User logged out','2025-05-07 18:48:22','logout'),
(782,91,'User logged in','2025-05-07 18:48:39','login'),
(783,70,'User logged in','2025-05-07 18:57:02','login'),
(784,70,'User logged in','2025-05-07 20:11:54','login'),
(785,91,'User logged out','2025-05-07 20:15:58','logout'),
(786,72,'User logged in','2025-05-07 20:16:06','login'),
(787,72,'User logged out','2025-05-07 20:18:13','logout'),
(788,91,'User logged in','2025-05-07 20:18:23','login'),
(789,70,'Processed payment of 10000 for loan ID 132','2025-05-07 20:18:39','payment'),
(790,70,'User logged out','2025-05-07 20:20:47','logout'),
(791,87,'User logged in','2025-05-07 20:20:56','login'),
(792,87,'User logged out','2025-05-07 20:29:18','logout'),
(793,70,'Failed login attempt - incorrect password','2025-05-07 20:29:31','failed login'),
(794,70,'User logged in','2025-05-07 20:29:46','login'),
(795,91,'User logged out','2025-05-07 20:30:13','logout'),
(796,72,'Failed login attempt - incorrect password','2025-05-07 20:30:26','failed login'),
(797,72,'User logged in','2025-05-07 20:30:36','login'),
(798,70,'Applied for loan, Loan ID 135','2025-05-07 20:34:02','loan application'),
(799,72,'Approved loan application #135','2025-05-07 20:34:28','loan disbursal'),
(800,70,'Processed payment of 50000 for loan ID 135','2025-05-07 20:36:36','payment'),
(801,70,'User logged out','2025-05-07 20:40:30','logout'),
(802,72,'User logged out','2025-05-07 20:40:52','logout'),
(803,70,'User logged in','2025-05-07 21:39:45','login'),
(804,72,'User logged in','2025-05-07 21:40:06','login'),
(805,70,'Processed payment of 10000 for loan ID 135','2025-05-07 21:40:39','payment'),
(806,70,'User logged out','2025-05-07 22:03:38','logout'),
(807,82,'User logged in','2025-05-07 22:03:48','login'),
(808,82,'User logged out','2025-05-07 22:06:56','logout'),
(809,82,'User logged in','2025-05-08 19:56:55','login'),
(810,82,'User logged out','2025-05-08 20:13:06','logout'),
(811,70,'User logged in','2025-05-08 20:18:00','login'),
(812,70,'Updated profile','2025-05-08 20:18:21','profile update'),
(813,70,'User logged out','2025-05-08 20:19:47','logout'),
(814,72,'User logged in','2025-05-08 20:19:59','login'),
(815,72,'Updated profile','2025-05-08 20:21:30','profile update'),
(816,72,'User logged out','2025-05-08 20:22:12','logout'),
(817,101,'User logged in','2025-05-08 20:22:28','login'),
(818,101,'User logged out','2025-05-08 20:24:09','logout'),
(819,91,'User logged in','2025-05-08 20:25:36','login'),
(820,91,'User logged out','2025-05-08 20:34:33','logout'),
(821,91,'User logged in','2025-05-08 20:37:44','login'),
(822,91,'User logged out','2025-05-08 20:57:26','logout'),
(823,70,'User logged in','2025-05-08 20:57:37','login'),
(824,70,'Processed payment of 1200 for loan ID 132','2025-05-08 20:59:10','payment'),
(825,107,'User logged in','2025-05-08 21:01:13','login'),
(826,107,'Approved loan application #133','2025-05-08 21:01:29','loan disbursal'),
(827,70,'Processed payment of 10000 for loan ID 133','2025-05-08 21:35:03','payment'),
(828,70,'User logged out','2025-05-08 21:35:59','logout'),
(829,87,'User logged in','2025-05-08 21:44:57','login'),
(830,87,'User logged out','2025-05-08 21:58:32','logout'),
(831,82,'User logged in','2025-05-08 21:58:41','login'),
(832,82,'User logged out','2025-05-08 21:59:31','logout'),
(833,72,'User logged in','2025-05-08 22:00:27','login'),
(834,72,'User logged out','2025-05-08 22:00:52','logout'),
(835,70,'User logged in','2025-05-08 22:01:58','login'),
(836,70,'Processed payment of 10000 for loan ID 132','2025-05-08 22:02:17','payment'),
(837,70,'User logged out','2025-05-08 22:02:36','logout'),
(838,107,'User logged out','2025-05-08 22:09:11','logout'),
(839,87,'User logged in','2025-05-08 23:05:43','login'),
(840,87,'Processed payment of 4000 for loan ID 131','2025-05-08 23:08:04','payment'),
(841,70,'User logged in','2025-05-09 09:27:44','login'),
(842,70,'Applied for loan, Loan ID 136','2025-05-09 10:04:46','loan application'),
(843,70,'Deleted loan application, Loan ID 136 ','2025-05-09 10:05:00','application deletion'),
(844,70,'Processed payment of 15000 for loan ID 133','2025-05-09 10:21:41','payment'),
(845,70,'Processed payment of 15000 for loan ID 135','2025-05-09 10:24:20','payment'),
(846,82,'User logged in','2025-05-09 10:24:54','login'),
(847,70,'User logged out','2025-05-09 10:41:50','logout'),
(848,88,'User logged in','2025-05-09 13:36:51','login'),
(849,88,'User logged out','2025-05-09 13:38:06','logout'),
(850,88,'User logged in','2025-05-09 13:38:17','login'),
(851,88,'Processed payment of 50000 for loan ID 127','2025-05-09 14:46:46','payment'),
(852,88,'User logged out','2025-05-09 14:50:18','logout'),
(853,70,'User logged in','2025-05-09 16:46:08','login'),
(854,70,'User logged in','2025-05-09 17:19:58','login'),
(855,70,'User logged out','2025-05-09 17:21:11','logout'),
(856,72,'User logged in','2025-05-09 18:35:09','login'),
(857,72,'Created loan offer: Startup Loan','2025-05-09 18:37:41','loan offer creation'),
(858,72,'User logged out','2025-05-09 18:40:11','logout'),
(859,70,'User logged in','2025-05-09 18:40:27','login'),
(860,70,'Processed payment of 10000 for loan ID 135','2025-05-09 18:44:42','payment'),
(861,70,'User logged out','2025-05-09 18:51:29','logout'),
(862,82,'User logged in','2025-05-09 18:51:38','login'),
(863,82,'User logged out','2025-05-09 18:52:44','logout'),
(864,87,'User logged in','2025-05-10 11:13:09','login'),
(865,87,'Applied for loan, Loan ID 137','2025-05-10 11:14:25','loan application'),
(866,87,'User logged out','2025-05-10 11:32:51','logout'),
(867,112,'New Customer registration','2025-05-14 09:57:51','account registration'),
(868,112,'User logged out','2025-05-14 09:58:25','logout'),
(869,88,'User logged in','2025-05-14 09:58:53','login'),
(870,88,'Processed payment of 50000 for loan ID 127','2025-05-14 10:00:33','payment'),
(871,88,'Applied for loan, Loan ID 138','2025-05-14 10:06:20','loan application'),
(872,88,'User logged out','2025-05-14 10:09:38','logout'),
(873,72,'User logged in','2025-05-14 10:10:22','login'),
(874,72,'Rejected loan application #138','2025-05-14 10:10:56','loan rejection'),
(875,72,'User logged out','2025-05-14 10:15:03','logout'),
(876,82,'User logged in','2025-05-14 10:15:54','login'),
(877,82,'Restricted loan application for user customercash@gmail.com','2025-05-14 10:17:34','user restriction'),
(878,82,'Restricted loan creation to user rizikiloans@gmail.com','2025-05-14 10:17:53','user restriction'),
(879,82,'User logged out','2025-05-14 10:20:27','logout'),
(880,87,'User logged in','2025-05-14 11:22:27','login'),
(881,87,'User logged out','2025-05-14 11:42:27','logout'),
(882,82,'User logged in','2025-05-14 11:42:41','login'),
(883,82,'User logged out','2025-05-14 12:00:09','logout'),
(884,72,'User logged in','2025-05-14 12:00:19','login'),
(885,72,'User logged out','2025-05-14 12:54:42','logout'),
(886,70,'User logged in','2025-05-14 12:54:51','login'),
(887,70,'User logged out','2025-05-14 12:55:14','logout'),
(888,72,'User logged in','2025-05-14 12:55:26','login'),
(889,72,'Updated profile','2025-05-14 12:58:53','profile update'),
(890,72,'User logged out','2025-05-14 13:00:54','logout'),
(891,101,'User logged in','2025-05-14 13:01:13','login'),
(894,101,'User logged out','2025-05-14 13:55:30','logout'),
(895,72,'User logged in','2025-05-14 13:55:44','login'),
(896,72,'User logged out','2025-05-14 14:28:37','logout'),
(897,82,'User logged in','2025-05-14 14:28:47','login'),
(899,82,'User logged out','2025-05-14 14:33:31','logout'),
(900,72,'User logged in','2025-05-14 14:33:41','login'),
(901,72,'User logged out','2025-05-14 14:38:32','logout'),
(902,101,'User logged in','2025-05-14 14:38:42','login'),
(926,101,'User logged out','2025-05-14 15:34:53','logout'),
(927,82,'User logged in','2025-05-14 15:35:04','login'),
(928,82,'User logged out','2025-05-14 15:37:19','logout'),
(929,72,'User logged in','2025-05-14 15:37:38','login'),
(930,72,'User logged out','2025-05-14 15:53:16','logout'),
(931,82,'User logged in','2025-05-14 15:53:26','login'),
(932,82,'User logged out','2025-05-14 15:58:37','logout'),
(933,72,'User logged in','2025-05-14 15:58:46','login'),
(934,72,'User logged out','2025-05-14 15:59:13','logout'),
(935,83,'User logged in','2025-05-14 15:59:28','login'),
(936,83,'Applied for loan, Loan ID 139','2025-05-14 16:00:05','loan application'),
(937,72,'User logged in','2025-05-14 16:00:42','login'),
(938,72,'User logged out','2025-05-14 16:02:18','logout'),
(939,82,'User logged in','2025-05-14 16:02:26','login'),
(940,82,'User logged out','2025-05-14 16:05:16','logout'),
(941,83,'User logged out','2025-05-14 16:05:45','logout'),
(942,72,'User logged in','2025-05-14 16:08:13','login'),
(943,72,'User logged out','2025-05-14 16:14:10','logout'),
(944,70,'User logged in','2025-05-14 16:14:18','login'),
(945,70,'User logged out','2025-05-14 16:56:21','logout'),
(946,82,'User logged in','2025-05-14 16:56:35','login'),
(947,72,'User logged in','2025-05-14 17:05:14','login'),
(948,72,'User logged out','2025-05-14 17:05:20','logout'),
(949,72,'User logged in','2025-05-14 17:05:28','login'),
(950,72,'User logged out','2025-05-14 17:49:24','logout'),
(951,82,'User logged in','2025-05-14 17:49:35','login'),
(952,82,'User logged out','2025-05-14 17:53:19','logout'),
(953,107,'User logged in','2025-05-14 23:56:28','login'),
(954,107,'User logged out','2025-05-14 23:57:44','logout'),
(955,72,'User logged in','2025-05-14 23:57:55','login'),
(956,72,'User logged out','2025-05-14 23:58:58','logout'),
(957,70,'User logged in','2025-05-14 23:59:12','login'),
(958,70,'User logged out','2025-05-15 00:01:20','logout'),
(959,82,'User logged in','2025-05-15 00:01:29','login'),
(960,82,'User logged out','2025-05-15 00:02:25','logout'),
(961,72,'User logged in','2025-05-15 19:32:18','login'),
(962,82,'User logged in','2025-05-15 19:34:34','login'),
(964,72,'User logged out','2025-05-15 19:39:02','logout'),
(965,82,'User logged out','2025-05-15 19:40:06','logout'),
(966,70,'User logged in','2025-05-17 20:24:06','login'),
(967,70,'User logged out','2025-05-17 20:26:55','logout'),
(968,107,'User logged in','2025-05-17 20:27:10','login'),
(969,107,'User logged out','2025-05-17 20:28:30','logout'),
(970,82,'User logged in','2025-05-17 20:28:41','login'),
(971,82,'User logged out','2025-05-17 20:29:34','logout'),
(972,70,'Failed login attempt - incorrect password','2025-05-18 10:23:25','failed login'),
(973,70,'User logged in','2025-05-18 10:23:34','login'),
(974,70,'User logged out','2025-05-18 10:25:10','logout'),
(975,70,'User logged in','2025-05-19 17:11:02','login'),
(976,70,'User logged out','2025-05-19 17:11:58','logout'),
(977,70,'User logged in','2025-05-19 18:08:02','login'),
(978,70,'User logged out','2025-05-19 18:11:58','logout'),
(979,72,'User logged in','2025-05-19 18:12:25','login'),
(980,72,'Updated profile','2025-05-19 18:17:44','profile update'),
(981,72,'User logged out','2025-05-19 18:17:52','logout'),
(982,101,'User logged in','2025-05-19 18:18:19','login'),
(983,101,'User logged out','2025-05-19 18:20:07','logout'),
(984,70,'User logged in','2025-05-19 19:57:17','login'),
(985,70,'User logged out','2025-05-19 19:57:31','logout'),
(986,72,'User logged in','2025-05-19 20:19:30','login'),
(987,72,'User logged out','2025-05-19 20:20:25','logout'),
(988,82,'User logged in','2025-05-19 20:20:34','login'),
(989,82,'User logged out','2025-05-19 20:20:53','logout'),
(990,87,'User logged in','2025-05-19 20:40:30','login'),
(991,87,'Processed payment of 10000 for loan ID 131','2025-05-19 20:42:01','payment'),
(992,87,'User logged out','2025-05-19 20:47:13','logout'),
(993,70,'Failed login attempt - incorrect password','2025-05-19 20:47:54','failed login'),
(994,82,'User logged in','2025-05-19 20:49:04','login'),
(995,82,'User logged out','2025-05-19 20:50:07','logout'),
(996,70,'User logged in','2025-05-19 23:15:59','login'),
(997,70,'User logged in','2025-05-20 17:48:22','login'),
(998,75,'Failed login attempt - incorrect password','2025-05-20 19:32:37','failed login'),
(999,75,'User logged in','2025-05-20 19:32:49','login'),
(1000,75,'User logged out','2025-05-20 19:33:08','logout'),
(1001,91,'User logged in','2025-05-20 19:33:21','login'),
(1002,91,'User logged out','2025-05-20 19:35:51','logout'),
(1003,87,'User logged in','2025-05-20 19:39:35','login'),
(1004,87,'User logged out','2025-05-20 19:48:13','logout'),
(1005,70,'User logged in','2025-05-20 19:58:52','login'),
(1006,72,'User logged in','2025-05-20 20:01:31','login'),
(1007,72,'User logged out','2025-05-20 20:14:43','logout'),
(1008,70,'User logged out','2025-05-20 20:14:50','logout'),
(1009,82,'User logged in','2025-05-21 09:09:05','login'),
(1010,82,'User logged out','2025-05-21 09:10:14','logout'),
(1011,70,'User logged in','2025-05-22 11:29:56','login'),
(1012,72,'User logged in','2025-05-22 11:32:54','login'),
(1013,70,'User logged in','2025-05-22 13:21:28','login'),
(1014,72,'User logged in','2025-05-22 13:53:39','login'),
(1015,70,'User logged out','2025-05-22 14:43:35','logout'),
(1016,82,'User logged in','2025-05-22 14:45:22','login'),
(1017,82,'User logged out','2025-05-22 14:55:23','logout'),
(1018,70,'User logged in','2025-05-22 14:55:32','login'),
(1019,72,'User logged out','2025-05-22 15:41:00','logout'),
(1020,82,'User logged in','2025-05-22 15:41:12','login'),
(1021,82,'User logged out','2025-05-22 15:45:08','logout'),
(1022,70,'User logged out','2025-05-22 15:57:07','logout'),
(1023,88,'User logged in','2025-05-22 15:57:26','login'),
(1024,88,'User logged out','2025-05-22 16:21:23','logout'),
(1025,107,'User logged in','2025-05-22 16:21:51','login'),
(1026,107,'Created loan offer: Business Loan','2025-05-22 16:36:42','loan offer creation'),
(1027,107,'Deleted loan offer, offer ID 51','2025-05-22 16:36:46','loan offer deletion'),
(1028,107,'User logged out','2025-05-22 16:42:31','logout'),
(1029,82,'User logged in','2025-05-22 16:42:47','login'),
(1030,82,'User logged out','2025-05-22 16:53:55','logout'),
(1031,91,'User logged in','2025-05-22 17:16:01','login'),
(1032,91,'Created loan offer: Personal Loan','2025-05-22 17:17:13','loan offer creation'),
(1033,91,'User logged out','2025-05-22 17:20:42','logout'),
(1034,83,'User logged in','2025-05-27 12:23:28','login'),
(1035,83,'Applied for loan, Loan ID 140','2025-05-27 13:57:01','loan application'),
(1036,83,'Deleted loan application, Loan ID 140 ','2025-05-27 14:20:51','application deletion'),
(1037,83,'Applied for loan, Loan ID 141','2025-05-27 14:37:43','loan application'),
(1038,83,'User logged out','2025-05-27 14:40:14','logout'),
(1039,72,'User logged in','2025-05-27 14:40:26','login'),
(1040,72,'User logged out','2025-05-27 14:44:12','logout'),
(1041,82,'User logged in','2025-05-27 14:44:24','login'),
(1042,82,'Approved loan ID 141.','2025-05-27 15:06:31','loan approval'),
(1043,83,'User logged in','2025-05-27 15:07:36','login'),
(1044,82,'User logged out','2025-05-27 16:14:23','logout'),
(1045,72,'User logged in','2025-05-27 16:14:36','login'),
(1046,82,'User logged in','2025-05-27 16:19:03','login'),
(1047,82,'Rejected loan ID 137.','2025-05-27 16:19:33','loan rejection'),
(1048,72,'User logged out','2025-05-27 16:37:13','logout'),
(1049,83,'User logged in','2025-05-27 16:37:34','login'),
(1050,83,'Applied for loan, Loan ID 142','2025-05-27 16:46:23','loan application'),
(1051,83,'User logged out','2025-05-27 16:54:39','logout'),
(1052,70,'User logged in','2025-05-27 16:54:47','login'),
(1053,70,'User logged out','2025-05-27 16:55:08','logout'),
(1054,91,'User logged in','2025-05-27 16:56:52','login'),
(1055,82,'Approved loan ID 142.','2025-05-27 17:12:52','loan approval'),
(1056,91,'User logged out','2025-05-27 17:13:05','logout'),
(1057,72,'User logged in','2025-05-27 17:13:16','login'),
(1058,82,'Approved loan ID 139.','2025-05-27 17:15:09','loan approval'),
(1059,82,'Approved loan ID 139.','2025-05-27 17:18:03','loan approval'),
(1060,72,'Disbursed loan application #139','2025-05-27 17:52:20','loan disbursal'),
(1061,82,'User logged out','2025-05-27 18:24:51','logout'),
(1062,72,'User logged out','2025-05-27 18:25:47','logout'),
(1063,70,'User logged in','2025-05-27 21:41:54','login'),
(1064,70,'Updated profile','2025-05-27 21:46:23','profile update'),
(1065,70,'User logged out','2025-05-27 21:46:46','logout'),
(1066,79,'User logged in','2025-05-27 21:47:04','login'),
(1067,79,'User logged out','2025-05-27 21:47:31','logout'),
(1068,93,'User logged in','2025-05-27 21:47:46','login'),
(1069,93,'User logged out','2025-05-27 21:47:58','logout'),
(1070,107,'User logged in','2025-05-27 21:48:10','login'),
(1071,82,'User logged in','2025-05-27 21:48:59','login'),
(1072,82,'Approved loan ID 142.','2025-05-27 21:49:14','loan approval'),
(1073,82,'Approved loan ID 141.','2025-05-27 21:49:26','loan approval'),
(1074,107,'User logged out','2025-05-27 22:08:35','logout'),
(1075,87,'User logged in','2025-05-27 22:08:56','login'),
(1076,87,'Applied for loan, Loan ID 143','2025-05-27 22:18:08','loan application'),
(1077,82,'User logged out','2025-05-27 22:19:12','logout'),
(1078,107,'User logged in','2025-05-27 22:19:23','login'),
(1079,107,'User logged out','2025-05-27 22:19:35','logout'),
(1080,87,'User logged out','2025-05-27 22:22:31','logout'),
(1081,70,'User logged in','2025-05-28 14:43:43','login'),
(1082,70,'User logged out','2025-05-28 14:56:55','logout'),
(1083,87,'User logged in','2025-05-28 14:57:10','login'),
(1084,87,'Applied for loan, Loan ID 144','2025-05-28 14:57:56','loan application'),
(1085,82,'User logged in','2025-05-28 14:59:52','login'),
(1086,82,'Rejected loan ID 144.','2025-05-28 15:00:24','loan rejection'),
(1087,87,'Deleted loan application, Loan ID 144 ','2025-05-28 15:01:14','application deletion'),
(1088,87,'User logged out','2025-05-28 15:49:22','logout'),
(1089,70,'User logged in','2025-05-28 22:26:02','login'),
(1090,70,'User logged out','2025-05-28 22:36:29','logout'),
(1091,88,'User logged in','2025-06-03 11:27:15','login'),
(1092,88,'Updated profile','2025-06-03 12:00:34','profile update'),
(1093,88,'User logged out','2025-06-03 12:00:47','logout'),
(1094,70,'User logged in','2025-06-04 11:44:37','login'),
(1095,70,'User logged in','2025-06-04 11:44:40','login'),
(1096,70,'User logged out','2025-06-04 11:45:12','logout'),
(1097,70,'User logged in','2025-06-05 11:10:43','login'),
(1098,87,'User logged in','2025-06-05 12:23:08','login'),
(1099,70,'User logged in','2025-06-05 15:38:52','login'),
(1100,70,'User logged out','2025-06-05 15:39:22','logout'),
(1101,72,'User logged in','2025-06-05 15:39:36','login'),
(1102,72,'User logged out','2025-06-05 15:40:19','logout'),
(1103,82,'User logged in','2025-06-05 15:40:31','login'),
(1104,82,'User logged out','2025-06-05 15:42:11','logout'),
(1105,70,'User logged in','2025-06-05 16:24:17','login'),
(1106,70,'User logged in','2025-06-05 16:24:17','login'),
(1107,70,'User logged out','2025-06-05 16:32:20','logout'),
(1108,72,'User logged in','2025-06-05 16:32:30','login'),
(1109,72,'User logged out','2025-06-05 16:38:50','logout'),
(1110,82,'User logged in','2025-06-05 16:39:02','login'),
(1111,70,'User logged in','2025-06-08 22:35:43','login'),
(1112,70,'User logged out','2025-06-08 22:37:59','logout'),
(1113,70,'User logged in','2025-06-08 22:38:10','login'),
(1114,70,'User logged out','2025-06-08 22:45:10','logout'),
(1115,70,'User logged in','2025-06-08 22:45:35','login'),
(1116,70,'User logged in','2025-06-08 22:48:57','login'),
(1117,72,'User logged in','2025-06-08 22:52:00','login'),
(1118,70,'User logged in','2025-06-08 23:19:11','login'),
(1119,70,'User logged out','2025-06-08 23:27:35','logout'),
(1120,72,'User logged in','2025-06-08 23:29:15','login'),
(1121,72,'User logged out','2025-06-08 23:29:26','logout'),
(1122,70,'User logged in','2025-06-08 23:29:37','login'),
(1123,70,'User logged out','2025-06-08 23:33:27','logout'),
(1124,72,'User logged in','2025-06-08 23:33:37','login'),
(1125,72,'User logged out','2025-06-08 23:34:43','logout'),
(1126,82,'User logged in','2025-06-08 23:34:56','login'),
(1127,82,'User logged out','2025-06-08 23:41:37','logout'),
(1128,91,'User logged in','2025-06-08 23:41:52','login'),
(1129,91,'Disbursed loan ID 141','2025-06-08 23:42:09','loan disbursal'),
(1130,91,'User logged out','2025-06-08 23:42:52','logout'),
(1131,83,'User logged in','2025-06-08 23:43:16','login'),
(1132,83,'Processed payment of 200.56 for loan ID 141','2025-06-09 00:08:15','payment'),
(1133,83,'Processed payment of 24891.11 for loan ID 141','2025-06-09 00:17:23','payment'),
(1134,83,'User logged out','2025-06-09 00:21:39','logout'),
(1135,72,'User logged in','2025-06-09 00:30:01','login'),
(1136,72,'Edited loan offer, offer ID 48','2025-06-09 00:30:22','loan offer edit'),
(1137,72,'User logged out','2025-06-09 00:31:02','logout'),
(1138,88,'User logged in','2025-06-09 00:31:12','login'),
(1139,88,'User logged out','2025-06-09 00:46:43','logout'),
(1140,107,'User logged in','2025-06-09 08:28:25','login'),
(1141,107,'User logged out','2025-06-09 08:28:57','logout'),
(1142,82,'User logged in','2025-06-09 08:29:10','login'),
(1143,87,'User logged in','2025-06-09 12:55:56','login'),
(1144,87,'Updated profile','2025-06-09 13:00:34','profile update'),
(1145,87,'User logged out','2025-06-09 13:01:55','logout'),
(1146,70,'User logged in','2025-06-09 13:07:24','login'),
(1147,70,'User logged out','2025-06-09 13:08:25','logout'),
(1148,82,'User logged in','2025-06-09 17:23:02','login'),
(1149,82,'User logged out','2025-06-09 17:23:39','logout'),
(1150,75,'User logged in','2025-06-09 17:23:54','login'),
(1151,75,'User logged out','2025-06-09 17:25:54','logout'),
(1152,70,'User logged in','2025-06-09 18:10:01','login'),
(1153,70,'Updated profile','2025-06-09 18:40:04','profile update'),
(1154,70,'User logged out','2025-06-09 18:47:04','logout'),
(1155,72,'User logged in','2025-06-10 11:10:39','login'),
(1156,72,'User logged out','2025-06-10 12:06:47','logout'),
(1157,82,'User logged in','2025-06-10 12:09:54','login'),
(1158,82,'User logged out','2025-06-10 13:07:44','logout'),
(1159,88,'User logged in','2025-06-10 14:56:40','login'),
(1160,88,'User logged out','2025-06-10 14:58:39','logout'),
(1161,70,'User logged in','2025-06-10 14:59:08','login'),
(1162,70,'User logged in','2025-06-10 16:28:40','login'),
(1163,70,'User logged out','2025-06-10 16:40:32','logout'),
(1164,88,'User logged in','2025-06-10 16:40:45','login'),
(1165,88,'Applied for loan, Loan ID 145','2025-06-10 16:51:32','loan application'),
(1166,88,'User logged out','2025-06-10 16:52:06','logout'),
(1167,113,'New Customer registration','2025-06-10 16:54:33','account registration'),
(1168,113,'Applied for loan, Loan ID 146','2025-06-10 16:55:15','loan application'),
(1169,82,'User logged in','2025-06-10 16:57:37','login'),
(1170,82,'Approved loan ID 146.','2025-06-10 16:58:01','loan approval'),
(1171,82,'User logged out','2025-06-10 16:58:06','logout'),
(1172,91,'User logged in','2025-06-10 16:58:16','login'),
(1173,91,'Disbursed loan ID 146','2025-06-10 16:58:27','loan disbursal'),
(1174,113,'User logged out','2025-06-10 17:34:12','logout'),
(1175,113,'User logged in','2025-06-11 09:26:40','login'),
(1176,113,'Applied for loan, Loan ID 147','2025-06-11 09:30:16','loan application'),
(1177,113,'Applied for loan, Loan ID 148','2025-06-11 09:49:17','loan application'),
(1178,113,'Applied for loan, Loan ID 149','2025-06-11 10:03:10','loan application'),
(1179,113,'User logged out','2025-06-11 10:04:35','logout'),
(1180,82,'User logged in','2025-06-11 10:04:47','login'),
(1181,82,'Rejected loan ID 147.','2025-06-11 10:04:59','loan rejection'),
(1182,82,'Rejected loan ID 148.','2025-06-11 10:05:03','loan rejection'),
(1183,82,'User logged out','2025-06-11 10:06:12','logout'),
(1184,113,'User logged in','2025-06-11 10:06:23','login'),
(1185,113,'User logged out','2025-06-11 10:19:09','logout'),
(1186,113,'User logged in','2025-06-11 10:19:20','login'),
(1187,113,'User logged out','2025-06-11 10:49:43','logout'),
(1188,88,'User logged in','2025-06-11 10:49:51','login'),
(1189,88,'User logged out','2025-06-11 10:57:10','logout'),
(1190,70,'User logged in','2025-06-11 10:57:19','login'),
(1191,70,'Processed payment of 8469.38 for loan ID 135','2025-06-11 11:07:21','payment'),
(1192,70,'Processed payment of 4200 for loan ID 133','2025-06-11 11:17:55','payment'),
(1193,70,'Processed payment of 1 for loan ID 133','2025-06-11 11:33:53','payment'),
(1194,70,'Processed payment of 234.68 for loan ID 132','2025-06-11 11:34:56','payment'),
(1195,70,'User logged out','2025-06-11 11:42:53','logout'),
(1196,88,'User logged in','2025-06-11 11:43:12','login'),
(1197,88,'Processed payment of 1200 for loan ID 127','2025-06-11 11:43:30','payment'),
(1198,88,'Processed payment of KES 10 for loan ID 127','2025-06-11 12:03:52','payment'),
(1199,88,'User logged out','2025-06-11 12:14:33','logout'),
(1200,88,'Failed login attempt - incorrect password','2025-06-11 12:14:44','failed login'),
(1201,88,'User logged in','2025-06-11 12:15:00','login'),
(1202,88,'Processed payment of KES 10 for loan ID 127','2025-06-11 12:23:43','payment'),
(1203,88,'Processed payment of KES 10 for loan ID 127','2025-06-11 12:28:28','payment'),
(1204,72,'User logged in','2025-06-12 12:24:42','login'),
(1205,72,'Edited loan offer, offer ID 50','2025-06-12 12:49:12','loan offer edit'),
(1206,72,'User logged out','2025-06-12 12:49:46','logout'),
(1207,70,'User logged in','2025-06-12 13:54:06','login'),
(1208,113,'User logged in','2025-06-12 14:42:21','login'),
(1209,113,'User logged out','2025-06-12 14:43:22','logout'),
(1210,70,'User logged in','2025-06-12 14:43:33','login'),
(1211,70,'Processed payment of KES 200 for loan ID 135','2025-06-12 14:43:55','payment'),
(1212,70,'User logged out','2025-06-12 14:49:36','logout'),
(1213,72,'User logged in','2025-06-13 10:33:58','login'),
(1214,72,'User logged out','2025-06-13 11:08:38','logout'),
(1215,70,'User logged in','2025-06-15 12:10:17','login'),
(1216,70,'User logged out','2025-06-15 12:17:04','logout'),
(1217,72,'User logged in','2025-06-15 12:17:18','login'),
(1218,72,'User logged out','2025-06-15 12:24:44','logout'),
(1219,82,'User logged in','2025-06-15 12:24:57','login'),
(1220,82,'User logged out','2025-06-15 13:02:31','logout'),
(1221,70,'User logged in','2025-06-15 13:02:59','login'),
(1222,70,'User logged out','2025-06-15 13:16:15','logout'),
(1223,72,'User logged in','2025-06-15 13:16:32','login'),
(1224,72,'User logged out','2025-06-15 13:31:06','logout'),
(1225,70,'User logged in','2025-06-15 16:43:54','login'),
(1226,70,'User logged out','2025-06-15 16:47:48','logout'),
(1227,72,'User logged in','2025-06-15 16:48:48','login'),
(1228,72,'User logged out','2025-06-15 16:52:24','logout'),
(1229,82,'User logged in','2025-06-15 16:52:35','login'),
(1230,82,'User logged out','2025-06-15 16:57:41','logout'),
(1231,87,'User logged in','2025-06-15 16:57:54','login'),
(1232,87,'User logged out','2025-06-15 16:59:18','logout'),
(1233,72,'User logged in','2025-06-15 16:59:30','login'),
(1234,72,'User logged out','2025-06-15 17:02:50','logout'),
(1235,82,'User logged in','2025-06-15 17:03:02','login'),
(1236,82,'User logged out','2025-06-15 17:11:47','logout'),
(1237,88,'User logged in','2025-06-15 17:12:06','login'),
(1238,88,'User logged out','2025-06-15 17:17:29','logout'),
(1239,91,'User logged in','2025-06-15 17:17:41','login'),
(1240,91,'User logged out','2025-06-15 17:17:45','logout'),
(1241,75,'User logged in','2025-06-15 17:17:58','login'),
(1242,75,'User logged out','2025-06-15 17:18:01','logout'),
(1243,107,'User logged in','2025-06-15 17:18:13','login'),
(1244,107,'User logged out','2025-06-15 17:22:04','logout'),
(1245,79,'User logged in','2025-06-15 17:22:14','login'),
(1246,79,'User logged out','2025-06-15 17:23:15','logout'),
(1247,72,'User logged in','2025-06-15 17:23:32','login'),
(1248,87,'User logged in','2025-06-15 18:51:39','login'),
(1249,87,'User logged out','2025-06-15 19:20:40','logout'),
(1250,113,'Failed login attempt - incorrect password','2025-06-15 19:20:56','failed login'),
(1251,72,'User logged in','2025-06-15 19:25:43','login'),
(1252,72,'Created loan offer: Agricultural Loan','2025-06-15 19:34:42','loan offer creation'),
(1253,72,'Deleted loan offer, offer ID 53','2025-06-15 19:39:30','loan offer deletion'),
(1254,72,'User logged out','2025-06-15 19:42:04','logout'),
(1255,101,'User logged in','2025-06-15 19:52:20','login'),
(1256,101,'User logged out','2025-06-15 19:54:06','logout'),
(1257,70,'User logged in','2025-06-16 17:02:53','login'),
(1258,70,'User logged out','2025-06-16 17:02:56','logout'),
(1259,113,'Failed login attempt - incorrect password','2025-06-16 17:03:18','failed login'),
(1260,72,'User logged in','2025-06-17 14:30:11','login'),
(1261,72,'User logged out','2025-06-17 15:09:05','logout'),
(1262,70,'User logged in','2025-06-17 15:09:16','login'),
(1263,70,'User logged out','2025-06-17 15:16:51','logout'),
(1264,70,'User logged in','2025-06-18 09:59:16','login'),
(1265,70,'User logged out','2025-06-18 09:59:46','logout'),
(1266,72,'User logged in','2025-06-18 09:59:56','login'),
(1267,72,'User logged out','2025-06-18 10:06:21','logout'),
(1268,70,'User logged in','2025-06-18 10:10:53','login'),
(1269,70,'User logged out','2025-06-18 10:11:27','logout'),
(1270,82,'User logged in','2025-06-18 10:11:36','login'),
(1271,82,'User logged out','2025-06-18 10:12:22','logout'),
(1272,72,'User logged in','2025-06-18 10:54:48','login'),
(1273,70,'User logged in','2025-06-18 12:03:23','login'),
(1274,70,'User logged out','2025-06-18 12:38:12','logout'),
(1275,82,'Failed login attempt - incorrect password','2025-06-18 12:38:27','failed login'),
(1276,82,'User logged in','2025-06-18 12:38:40','login'),
(1277,82,'User logged out','2025-06-18 12:56:47','logout'),
(1278,70,'User logged in','2025-06-18 16:22:05','login'),
(1279,87,'User logged in','2025-06-19 09:11:59','login'),
(1280,82,'User logged in','2025-06-20 15:02:21','login'),
(1281,82,'User logged out','2025-06-20 15:03:56','logout'),
(1282,87,'User logged in','2025-06-20 15:05:07','login'),
(1283,87,'Applied for loan, Loan ID 150','2025-06-20 15:14:41','loan application'),
(1284,87,'User logged out','2025-06-20 15:14:55','logout'),
(1285,82,'User logged in','2025-06-20 15:15:04','login'),
(1286,82,'Approved loan ID 150.','2025-06-20 15:15:33','loan approval'),
(1287,82,'User logged out','2025-06-20 15:15:37','logout'),
(1288,87,'User logged in','2025-06-20 15:15:50','login'),
(1289,87,'User logged out','2025-06-20 15:16:06','logout'),
(1290,91,'User logged in','2025-06-20 15:16:16','login'),
(1291,91,'Disbursed loan ID 150','2025-06-20 15:16:59','loan disbursal'),
(1292,91,'User logged out','2025-06-20 15:17:10','logout'),
(1293,87,'User logged in','2025-06-20 15:17:19','login'),
(1294,87,'Processed payment of KES 1200 for loan ID 150','2025-06-20 15:17:57','payment'),
(1295,87,'User logged out','2025-06-20 15:18:39','logout'),
(1296,87,'User logged in','2025-06-20 15:19:01','login'),
(1297,87,'User logged out','2025-06-20 15:49:25','logout'),
(1298,72,'User logged in','2025-06-20 15:50:27','login'),
(1299,72,'User logged out','2025-06-20 16:44:23','logout'),
(1300,70,'User logged in','2025-06-20 16:44:34','login'),
(1301,70,'User logged out','2025-06-20 16:45:04','logout'),
(1302,70,'User logged in','2025-06-20 16:45:16','login'),
(1303,70,'User logged out','2025-06-20 16:45:24','logout'),
(1304,72,'User logged in','2025-06-20 16:45:34','login'),
(1305,72,'User logged out','2025-06-20 16:45:40','logout'),
(1306,70,'User logged in','2025-06-20 16:46:09','login'),
(1307,70,'User logged out','2025-06-20 16:47:51','logout'),
(1308,70,'User logged in','2025-06-20 16:47:59','login'),
(1309,70,'User logged out','2025-06-20 16:48:16','logout'),
(1310,88,'User logged in','2025-06-20 16:53:35','login'),
(1311,88,'User logged out','2025-06-20 17:09:59','logout'),
(1312,87,'User logged in','2025-06-22 21:36:50','login'),
(1313,87,'User logged out','2025-06-22 21:47:01','logout'),
(1314,72,'User logged in','2025-06-22 21:47:21','login'),
(1315,72,'User logged out','2025-06-22 21:49:40','logout'),
(1316,82,'User logged in','2025-06-22 21:49:50','login'),
(1317,82,'User logged out','2025-06-22 21:50:32','logout'),
(1318,82,'User logged in','2025-06-23 17:05:22','login'),
(1319,82,'User logged out','2025-06-23 17:16:48','logout'),
(1320,113,'User logged out','2025-06-29 19:23:31','logout'),
(1321,70,'User logged in','2025-06-29 19:23:43','login'),
(1322,113,'User logged out','2025-06-29 20:23:03','logout'),
(1323,70,'Failed login attempt - incorrect password','2025-06-29 21:32:52','failed login'),
(1324,87,'User logged in','2025-06-30 09:17:51','login'),
(1325,87,'User logged out','2025-06-30 09:27:08','logout'),
(1326,72,'User logged in','2025-06-30 09:27:17','login'),
(1327,72,'User logged out','2025-06-30 09:42:57','logout'),
(1328,70,'User logged in','2025-06-30 09:43:06','login'),
(1329,70,'User logged out','2025-06-30 09:49:37','logout'),
(1330,87,'User logged in','2025-06-30 09:50:54','login'),
(1331,87,'User logged out','2025-06-30 09:54:43','logout'),
(1332,72,'User logged in','2025-06-30 09:54:56','login'),
(1333,72,'User logged out','2025-06-30 10:23:50','logout'),
(1334,82,'User logged in','2025-06-30 10:23:59','login'),
(1335,82,'User logged out','2025-06-30 10:52:38','logout'),
(1336,70,'User logged in','2025-06-30 17:16:34','login'),
(1337,70,'User logged out','2025-06-30 17:17:25','logout'),
(1338,70,'Failed login attempt - incorrect password','2025-07-01 12:22:40','failed login'),
(1339,88,'User logged in','2025-07-01 12:26:17','login'),
(1340,88,'User logged out','2025-07-01 12:48:06','logout'),
(1341,82,'User logged in','2025-07-01 12:48:15','login'),
(1342,82,'User logged out','2025-07-01 12:49:17','logout'),
(1343,70,'User logged in','2025-07-01 12:54:53','login'),
(1344,70,'User logged out','2025-07-01 12:55:20','logout'),
(1345,88,'User logged in','2025-07-01 13:13:37','login'),
(1346,88,'User logged out','2025-07-01 13:15:49','logout'),
(1347,70,'Failed login attempt - incorrect password','2025-07-01 15:38:28','failed login'),
(1348,107,'User logged in','2025-07-01 15:58:29','login'),
(1349,107,'User logged out','2025-07-01 15:59:57','logout'),
(1350,70,'User logged in','2025-07-02 09:20:26','login'),
(1351,70,'User logged out','2025-07-02 09:20:52','logout'),
(1352,70,'User logged in','2025-07-02 09:21:24','login'),
(1353,70,'User logged out','2025-07-02 09:21:39','logout'),
(1354,72,'User logged in','2025-07-02 09:28:38','login'),
(1355,72,'User logged out','2025-07-02 09:31:05','logout'),
(1356,82,'User logged in','2025-07-02 09:31:15','login'),
(1357,82,'User logged out','2025-07-02 09:38:47','logout'),
(1358,82,'User logged in','2025-07-02 09:38:56','login'),
(1359,82,'User logged out','2025-07-02 09:43:15','logout'),
(1360,70,'User logged in','2025-07-02 09:43:25','login'),
(1361,70,'User logged out','2025-07-02 09:48:01','logout'),
(1362,72,'User logged in','2025-07-02 09:48:15','login'),
(1363,72,'Edited loan offer, offer ID 50','2025-07-02 09:51:39','loan offer edit'),
(1364,72,'User logged out','2025-07-02 09:51:49','logout'),
(1365,82,'User logged in','2025-07-02 09:52:00','login'),
(1366,82,'User logged out','2025-07-02 09:52:06','logout'),
(1367,88,'User logged in','2025-07-02 09:52:18','login'),
(1368,88,'User logged out','2025-07-02 09:52:25','logout'),
(1369,72,'Failed login attempt - incorrect password','2025-07-02 09:53:56','failed login'),
(1370,72,'User logged in','2025-07-02 09:59:04','login'),
(1371,82,'User logged in','2025-07-02 11:12:50','login'),
(1372,82,'User logged out','2025-07-02 11:12:57','logout'),
(1373,70,'User logged in','2025-07-02 11:19:56','login'),
(1374,70,'User logged out','2025-07-02 11:25:48','logout'),
(1375,70,'User logged in','2025-07-02 11:48:13','login'),
(1376,70,'User logged out','2025-07-02 11:48:21','logout'),
(1377,72,'User logged in','2025-07-02 20:13:25','login'),
(1378,72,'User logged out','2025-07-02 20:13:41','logout'),
(1379,82,'User logged in','2025-07-02 20:13:52','login'),
(1380,82,'User logged out','2025-07-02 20:14:02','logout'),
(1381,87,'User logged in','2025-07-03 10:10:30','login'),
(1382,87,'User logged out','2025-07-03 10:13:23','logout'),
(1383,91,'User logged in','2025-07-03 10:13:34','login'),
(1384,91,'User logged out','2025-07-03 10:13:46','logout'),
(1385,87,'User logged in','2025-07-04 11:34:20','login'),
(1386,87,'User logged out','2025-07-04 11:35:09','logout'),
(1387,87,'User logged in','2025-07-04 11:35:35','login'),
(1388,87,'User logged out','2025-07-04 11:53:40','logout'),
(1389,72,'User logged in','2025-07-04 11:53:53','login'),
(1390,72,'User logged out','2025-07-04 11:54:13','logout'),
(1391,83,'User logged in','2025-07-04 11:54:50','login'),
(1392,83,'Processed payment of KES 103000 for loan ID 139','2025-07-04 11:55:49','payment'),
(1393,83,'User logged out','2025-07-04 11:56:00','logout'),
(1394,72,'User logged in','2025-07-04 11:56:44','login'),
(1395,72,'User logged out','2025-07-04 12:00:57','logout'),
(1396,91,'User logged in','2025-07-04 12:01:07','login'),
(1397,91,'User logged out','2025-07-04 12:01:13','logout'),
(1398,75,'Failed login attempt - incorrect password','2025-07-04 12:01:21','failed login'),
(1399,75,'Failed login attempt - incorrect password','2025-07-04 12:01:34','failed login'),
(1400,75,'Failed login attempt - incorrect password','2025-07-04 12:01:44','failed login'),
(1401,75,'User logged in','2025-07-04 12:01:56','login'),
(1402,75,'User logged out','2025-07-04 12:02:12','logout'),
(1403,107,'Failed login attempt - incorrect password','2025-07-04 12:02:34','failed login'),
(1404,107,'User logged in','2025-07-04 12:02:47','login'),
(1405,107,'User logged out','2025-07-04 12:02:55','logout'),
(1406,82,'User logged in','2025-07-04 12:03:05','login'),
(1407,82,'User logged out','2025-07-04 12:03:23','logout'),
(1408,85,'User logged in','2025-07-04 12:03:33','login'),
(1409,85,'User logged out','2025-07-04 12:03:40','logout'),
(1410,84,'Failed login attempt - incorrect password','2025-07-04 12:03:49','failed login'),
(1411,84,'User logged in','2025-07-04 12:04:01','login'),
(1412,84,'User logged out','2025-07-04 12:04:06','logout'),
(1413,82,'User logged in','2025-07-04 12:04:25','login'),
(1414,82,'Approved loan ID 149.','2025-07-04 12:04:46','loan approval'),
(1415,82,'User logged out','2025-07-04 12:04:49','logout'),
(1416,72,'User logged in','2025-07-04 12:04:57','login'),
(1417,72,'User logged out','2025-07-04 12:05:02','logout'),
(1418,91,'User logged in','2025-07-04 12:05:13','login'),
(1419,91,'User logged out','2025-07-04 12:05:19','logout'),
(1420,107,'User logged in','2025-07-04 12:05:27','login'),
(1421,107,'User logged out','2025-07-04 12:21:27','logout'),
(1422,82,'User logged in','2025-07-04 12:21:37','login'),
(1423,82,'User logged out','2025-07-04 12:26:58','logout'),
(1424,72,'User logged in','2025-07-04 12:27:14','login'),
(1425,72,'User logged out','2025-07-04 12:31:07','logout'),
(1426,91,'User logged in','2025-07-04 12:31:15','login'),
(1427,91,'User logged out','2025-07-04 12:31:23','logout'),
(1428,107,'User logged in','2025-07-04 12:31:33','login'),
(1429,107,'User logged out','2025-07-04 12:31:40','logout'),
(1430,75,'Failed login attempt - incorrect password','2025-07-04 12:31:52','failed login'),
(1431,75,'User logged in','2025-07-04 12:32:04','login'),
(1432,75,'User logged out','2025-07-04 12:32:07','logout'),
(1433,82,'User logged in','2025-07-04 12:32:16','login'),
(1434,70,'User logged out','2025-07-27 20:19:27','logout'),
(1435,88,'User logged in','2025-07-27 20:19:42','login'),
(1436,88,'Processed payment of KES 21490.61 for loan ID 127','2025-07-27 20:20:09','payment'),
(1437,88,'Processed payment of KES 20250.61 for loan ID 127','2025-07-27 20:21:32','payment'),
(1438,88,'Processed payment of KES 1000 for loan ID 127','2025-07-27 20:22:33','payment'),
(1439,88,'Processed payment of KES 240 for loan ID 127','2025-07-27 20:24:28','payment'),
(1440,88,'Applied for loan, Loan ID 151','2025-07-27 20:26:13','loan application'),
(1441,88,'Updated profile','2025-07-27 20:26:40','profile update'),
(1442,88,'User logged out','2025-07-27 20:26:46','logout'),
(1443,101,'User logged in','2025-07-27 20:26:57','login'),
(1444,101,'Approved loan ID 151.','2025-07-27 20:28:05','loan approval'),
(1445,101,'User logged out','2025-07-27 20:28:31','logout'),
(1446,88,'User logged in','2025-07-27 20:28:52','login'),
(1447,88,'User logged out','2025-07-27 20:45:33','logout'),
(1448,87,'Failed login attempt - incorrect password','2025-07-27 20:45:46','failed login'),
(1449,87,'User logged in','2025-07-27 20:46:01','login'),
(1450,87,'Updated password','2025-07-27 20:46:51','password update'),
(1451,87,'User logged out','2025-07-27 20:47:05','logout'),
(1452,82,'User logged in','2025-07-27 20:47:15','login'),
(1453,82,'Updated password','2025-07-27 20:48:42','password update'),
(1454,82,'User logged out','2025-07-27 20:49:03','logout'),
(1455,70,'User logged in','2025-07-27 20:49:40','login'),
(1456,70,'User logged out','2025-07-27 20:49:46','logout'),
(1457,88,'User logged in','2025-07-27 20:49:55','login'),
(1458,72,'User logged out','2025-07-27 20:51:52','logout'),
(1459,88,'Processed payment of KES 200 for loan ID 127','2025-07-27 20:59:05','payment'),
(1460,88,'User logged out','2025-07-27 21:00:07','logout'),
(1461,82,'User logged in','2025-07-27 23:53:06','login'),
(1462,82,'User logged out','2025-07-28 00:01:00','logout'),
(1463,72,'User logged in','2025-07-28 00:01:12','login'),
(1464,72,'User logged out','2025-07-28 00:02:15','logout'),
(1465,88,'User logged in','2025-07-28 00:02:26','login'),
(1466,88,'User logged out','2025-07-28 00:06:47','logout'),
(1467,114,'New Lender registration','2025-07-28 12:21:57','account registration'),
(1468,114,'Created loan offer: Startup Loan','2025-07-28 12:22:52','loan offer creation'),
(1469,88,'User logged in','2025-07-28 12:23:34','login'),
(1470,88,'Applied for loan, Loan ID 152','2025-07-28 12:28:34','loan application'),
(1471,114,'User logged out','2025-07-28 12:36:38','logout'),
(1472,82,'User logged in','2025-07-28 12:36:47','login'),
(1473,88,'User logged out','2025-07-28 12:39:14','logout'),
(1474,114,'User logged in','2025-07-28 12:39:29','login'),
(1475,82,'Approved loan ID 152.','2025-07-28 12:39:40','loan approval'),
(1476,82,'User logged out','2025-07-28 12:40:01','logout'),
(1477,88,'User logged in','2025-07-28 12:40:10','login'),
(1478,114,'Disbursed loan ID 152','2025-07-28 12:40:16','loan disbursal'),
(1479,114,'User logged out','2025-07-28 12:40:46','logout'),
(1480,72,'User logged in','2025-07-28 12:41:00','login'),
(1481,88,'Applied for loan, Loan ID 153','2025-07-28 12:42:21','loan application'),
(1482,70,'User logged in','2025-08-04 11:11:21','login'),
(1483,70,'User logged out','2025-08-04 11:13:10','logout');
/*!40000 ALTER TABLE `activity` ENABLE KEYS */;
UNLOCK TABLES;

--
-- Table structure for table `customers`
--

DROP TABLE IF EXISTS `customers`;
/*!40101 SET @saved_cs_client     = @@character_set_client */;
/*!40101 SET character_set_client = utf8mb4 */;
CREATE TABLE `customers` (
  `customer_id` int(11) NOT NULL AUTO_INCREMENT,
  `name` varchar(50) NOT NULL,
  `email` varchar(255) NOT NULL,
  `phone` varchar(15) NOT NULL,
  `password` varchar(255) NOT NULL,
  `dob` date NOT NULL,
  `national_id` varchar(20) NOT NULL,
  `address` varchar(255) NOT NULL,
  `status` enum('active','inactive','restricted_apply') NOT NULL DEFAULT 'active',
  `registration_date` datetime NOT NULL,
  `bank_account` varchar(50) NOT NULL,
  `user_id` int(11) NOT NULL,
  PRIMARY KEY (`customer_id`),
  KEY `fk_customers_users` (`user_id`),
  CONSTRAINT `fk_customers_users` FOREIGN KEY (`user_id`) REFERENCES `users` (`user_id`) ON DELETE CASCADE
) ENGINE=InnoDB AUTO_INCREMENT=79 DEFAULT CHARSET=utf8mb4 COLLATE=utf8mb4_unicode_ci;
/*!40101 SET character_set_client = @saved_cs_client */;

--
-- Dumping data for table `customers`
--

LOCK TABLES `customers` WRITE;
/*!40000 ALTER TABLE `customers` DISABLE KEYS */;
INSERT INTO `customers` VALUES
(64,'Ginny Kaloki','customer121@gmail.com','0705036698','$2y$10$CTbwyh3P0TMxdpYOaudeheZRDWMcB3LMrM7HZx6RjiTAE.kxtvxc6','2003-02-21','121','Tuskys','active','2025-03-14 03:46:14','54159108',70),
(65,'Patricia Dummy','customerdummy@gmail.com','0705036698','$2y$10$hOP9x9uQsGKqNB0oTByLseBCgCueKVy2sA4ERkL7nkZKpTxIUSTvq','2003-12-21','12111','Nairobi','active','2025-03-14 21:35:26','11',71),
(66,'Mari Chui','marichui@gmail.com','0700000000','$2y$10$ayh.P977bcJ577PUjJWneuLPvJTrwuI.mqRFK5yIKsB18./CYuy4.','2005-05-01','121212','Kenya','inactive','2025-03-17 16:47:12','42523672',74),
(67,'ken kenneth','ken@test.com','0123456789','$2y$10$dR4d8FTWKpT2wQhawSUcI.aQgAr9REBZWt.XR3WNe9GmPoCmblNV.','2003-11-21','12351232','23132','active','2025-03-20 13:39:00','1212',77),
(68,'Customer  ggg','customercus@gmail.com','0705036698','$2y$10$Cmn/ZPllUmhnJydn0mpZPOQbCbQhjfWqdv89nodWF0E.gGqNWPTpu','2025-02-11','121','Nanyuki','active','2025-03-22 08:00:23','1212',80),
(69,'Customer  Cash','customercash@gmail.com','0705036698','$2y$10$cbMNj3L2Bi56FfbB0nwnM.wF.uriQVIpkBFRI13/33zWFAx2/W.5C','2003-12-21','121','Ongata Rongai','restricted_apply','2025-03-24 13:42:14','1212',83),
(70,'Daniel Wamalwa','danielwamz@gmail.com','0712345678','$2y$10$gdsac3ohmS.klKZnEMM9r.HLGp4KikNEhfLkW7QCKxVh3YUZKAh/u','2003-12-21','1228900','Kitale','active','2025-04-04 06:32:32','42523672',86),
(71,'Grace Mbithi','gracembithi@gmail.com','0712345678','$2y$10$gggbzH.OOdO2hHjWj7BjceT0DmJuV7XWBzUhcQjH25lSdq9wDHAk2','2003-12-21','1228900','Machakos','active','2025-04-04 07:17:10','25726',87),
(72,'Obinchu Ibrahim','ibrahim@test.com','0759242900','$2y$10$3w7r8NU5qaDUcJGTeiXhme8bbTVadlba34Wdy75hJLqtnFLj76CT.','2002-10-18','12345','Mosque','active','2025-04-04 07:36:00','31200005',88),
(73,'Joseph  Barasa','josephbarasa622@gmail.com','0790463858','$2y$10$GWT8pMg4cY1U9/rNKx0PIOWi8dNCbcmDg5ipG46ENwxlSkAv9VtXK','2002-02-22','3888888','Ongata Rongai','active','2025-04-10 11:22:47','2002',92),
(74,'Anne  Regina','anneregina@gmail.com','0745632985','$2y$10$LloC3siYGs7u2BzSXtrSiumaQNjBSkpp80hV90K3D45DS6MqrNhV6','2005-09-09','121','Nairobi','active','2025-04-13 12:26:30','2002',102),
(75,'Christopher Mogaka','chrismogaka@gmail.com','0712345678','$2y$10$OrLJCxdy4lGmiVBS5LL/HuNfTOvbRy8sJrsWQovPkYQYZaM2wGqNG','2003-04-01','1228900','Oyugis','inactive','2025-04-13 13:15:17','1212',108),
(76,'lendo ndole','lendondole@gmail.com','0102672729','$2y$10$eA6Oo1Szse7ramwCKmEP9u2nlFeY6GtwYJUtKWNctPil7vPjmDTOi','2003-07-14','40056605','Ongata Rongai','active','2025-05-05 14:17:02','07142003',111),
(77,'Jeff Barack','jeffb@gmail.com','0790463858','$2y$10$WXk5HcI0aaj4n1DYWVQsA.hJrG/V7Vr2/A74AtL4VMxW1CQslFZly','2003-12-21','00000000','Nairobi','active','2025-05-14 06:57:51','111',112),
(78,'Wendy Kabugi','wendy@gmail.com','0712345678','$2y$12$qnetlBAv4tS1ZgS9qeVQieeadredX6xdN2SF7ERX2bTq2yNq/S6D.','2003-12-21','1228900','Nairobi','active','2025-06-10 13:54:33','1212',113);
/*!40000 ALTER TABLE `customers` ENABLE KEYS */;
UNLOCK TABLES;

--
-- Table structure for table `lenders`
--

DROP TABLE IF EXISTS `lenders`;
/*!40101 SET @saved_cs_client     = @@character_set_client */;
/*!40101 SET character_set_client = utf8mb4 */;
CREATE TABLE `lenders` (
  `lender_id` int(11) NOT NULL AUTO_INCREMENT,
  `name` varchar(50) NOT NULL,
  `email` varchar(255) NOT NULL,
  `phone` varchar(15) NOT NULL,
  `password` varchar(255) NOT NULL,
  `address` varchar(255) NOT NULL,
  `status` enum('active','inactive','restricted_create') NOT NULL DEFAULT 'active',
  `registration_date` datetime NOT NULL,
  `total_loans` decimal(15,2) NOT NULL,
  `average_interest_rate` decimal(5,2) NOT NULL,
  `user_id` int(11) NOT NULL,
  PRIMARY KEY (`lender_id`),
  KEY `fk_lenders_users` (`user_id`),
  CONSTRAINT `fk_lenders_users` FOREIGN KEY (`user_id`) REFERENCES `users` (`user_id`) ON DELETE CASCADE
) ENGINE=InnoDB AUTO_INCREMENT=43 DEFAULT CHARSET=utf8mb4 COLLATE=utf8mb4_unicode_ci;
/*!40101 SET character_set_client = @saved_cs_client */;

--
-- Dumping data for table `lenders`
--

LOCK TABLES `lenders` WRITE;
/*!40000 ALTER TABLE `lenders` DISABLE KEYS */;
INSERT INTO `lenders` VALUES
(25,'Lewis Duncan','lenderdummy@gmail.com','0714565484','$2y$10$kIHRGtm0z6Scg3f68N193eXylGXQS05WZH.x4FWcJUPdkivs0kr1m','Kenya','active','2025-03-14 23:01:55',0.00,3.00,72),
(26,'Maria Des','maria@gmail.com','0712345678','$2y$10$VZxeOZcD5bsfZVaGUaph/upJgrS2UaXEMwsPpLb5Ek7NVS8FVaRPK','Nairobi','active','2025-03-17 16:38:52',0.00,2.23,73),
(27,'Pesa Pal','pesapal@gmail.com','0710851180','$2y$10$kQMwgMnWy8B7iCFcgqHP0eK17cjHOxLWb/QSAuwkgZZ9P7CZFy3Hq','Nakuru','restricted_create','2025-03-19 18:25:31',0.00,2.81,75),
(28,'ibrahim  obinchu','ibrahimnyagesuka@gmail.com','0705036698','$2y$10$355l/16PTLg5xjmeienq3.YWXWx9euQS2T3ex2TJJ6UMo/t2rjwKy','asf','active','2025-03-20 13:24:28',0.00,0.00,76),
(30,'Riziki Loans','rizikiloans@gmail.com','0712345678','$2y$10$EUqAHF/1d/87BFm4zNc1YOQvnupxZQ3VWlbB7zQ9ZmO3EExrnCjXe','Webuye','restricted_create','2025-03-21 07:58:17',0.00,3.00,79),
(31,'Teresa Mackenzie','terrymac@gmail.com','0722334455','$2y$10$pH2S2aesvAus.GRfVg5KVehlsGhzmdQLf7kVGpWGKTlosVNEaOQmG','Runda','active','2025-04-02 16:05:18',0.00,3.67,84),
(32,'Beast  Games','beastgames@gmail.com','0777777777','$2y$10$.2cweBU4yX8l7HVD9v9czuv6LXsltJYeXKCNjjui6oWKRCXxzC29q','New York','active','2025-04-03 07:37:06',0.00,7.50,85),
(33,'Premier Credit','premiercredit@gmail.com','0716170335','$2y$10$0vPW6K5tFj7i3DI6a7K2EOTDgDhqsM7ZeoDkMEeKS9r3zJ7MGq/P.','Thika','restricted_create','2025-04-06 05:26:53',0.00,2.57,91),
(34,'Beatrice Host','localhost@gmail.com','0712345678','$2y$10$na6mImZ5fXvOlt5Bm2uj5OnHXyghbnF1BqnBdl7Tl2uGTzLYIzbhu','localhost','active','2025-04-10 13:15:22',0.00,3.00,93),
(35,'Juliet Jules','juliet@gmail.com','0798765432','$2y$10$xVUQR9e9j.yLL9L5Js4yCeMJ3F5ZXLuSWVNLVwoPK.Bh607.MeA9m','Migori','active','2025-04-13 12:33:29',0.00,0.00,103),
(39,'Luther Ochieng','lutherochieng@gmail.com','0769023655','$2y$10$CXgECRDWvaLccl8X7ELgQuJgWO7tsmU0GzrSp1.WZlNy9tvxLDw1a','Homa Bay','active','2025-04-13 12:45:38',0.00,2.50,107),
(40,'Gloria Teresa','gloria@gmail.com','0700000000','$2y$10$UtTCWnNTx2CrcCNy8sqX4u2/TLdb87ZxSHl16v1EYlD67/EkWTEAm','Kileleshwa','active','2025-04-18 11:44:08',0.00,0.00,109),
(42,'Mike Kinyua','mike@gmail.com','0705036698','$2y$12$eEUYCoQ7geQi.C95vSiaLO.1lKW8/DrIo1.3ON4QBa831gwBE1qfe','Nairobi','active','2025-07-28 09:21:57',0.00,2.20,114);
/*!40000 ALTER TABLE `lenders` ENABLE KEYS */;
UNLOCK TABLES;

--
-- Table structure for table `loan_offers`
--

DROP TABLE IF EXISTS `loan_offers`;
/*!40101 SET @saved_cs_client     = @@character_set_client */;
/*!40101 SET character_set_client = utf8mb4 */;
CREATE TABLE `loan_offers` (
  `offer_id` int(11) NOT NULL AUTO_INCREMENT,
  `lender_id` int(11) NOT NULL,
  `loan_type` varchar(255) NOT NULL,
  `interest_rate` decimal(5,2) NOT NULL,
  `max_amount` decimal(15,2) NOT NULL,
  `max_duration` int(11) NOT NULL,
  PRIMARY KEY (`offer_id`),
  KEY `lender_id` (`lender_id`),
  CONSTRAINT `loan_offers_ibfk_1` FOREIGN KEY (`lender_id`) REFERENCES `lenders` (`lender_id`)
) ENGINE=InnoDB AUTO_INCREMENT=55 DEFAULT CHARSET=utf8mb4 COLLATE=utf8mb4_unicode_ci;
/*!40101 SET character_set_client = @saved_cs_client */;

--
-- Dumping data for table `loan_offers`
--

LOCK TABLES `loan_offers` WRITE;
/*!40000 ALTER TABLE `loan_offers` DISABLE KEYS */;
INSERT INTO `loan_offers` VALUES
(10,27,'Startup Loan',2.00,120000.00,24),
(18,25,'Business Loan',2.00,150000.00,22),
(19,25,'Personal Loan',4.00,100000.00,24),
(20,25,'Mortgage Loan',4.00,1200000.00,32),
(21,25,'Student Loan',3.00,125000.00,26),
(22,27,'Construction Loan',3.00,90000.00,23),
(24,31,'Student Loan',3.00,400000.00,24),
(25,32,'Mortgage Loan',6.00,7000000.00,30),
(26,32,'Personal Loan',4.00,800000.00,18),
(27,32,'MicroFinance Loan',8.00,20000000.00,24),
(28,32,'Green Loan',12.00,3000000.00,18),
(29,27,'Mortgage Loan',4.00,950000.00,26),
(30,27,'Agricultural Loan',2.25,400000.00,60),
(31,30,'Student Loan',3.00,250000.00,28),
(33,30,'Personal Loan',3.00,120000.00,12),
(34,26,'Agricultural Loan',2.50,145000.00,60),
(35,26,'Personal Loan',2.00,100000.00,24),
(36,26,'MicroFinance Loan',2.20,300000.00,12),
(38,31,'MicroFinance Loan',3.00,120000.00,24),
(40,33,'Construction Loan',3.00,150000.00,12),
(41,34,'Personal Loan',3.00,950000.00,24),
(42,33,'Business Loan',2.50,150000.00,24),
(43,25,'MicroFinance Loan',2.00,100000.00,26),
(44,39,'Startup Loan',2.00,100000.00,26),
(45,31,'Green Loan',5.00,700000.00,24),
(47,39,'Student Loan',3.00,950000.00,24),
(48,25,'Medical Loan',3.00,500000.00,26),
(49,41,'Student Loan',6.80,100000.00,12),
(50,25,'Startup Loan',3.00,100000.00,26),
(52,33,'Personal Loan',2.20,90000.00,60),
(54,42,'Startup Loan',2.20,120000.00,24);
/*!40000 ALTER TABLE `loan_offers` ENABLE KEYS */;
UNLOCK TABLES;

--
-- Table structure for table `loans`
--

DROP TABLE IF EXISTS `loans`;
/*!40101 SET @saved_cs_client     = @@character_set_client */;
/*!40101 SET character_set_client = utf8mb4 */;
CREATE TABLE `loans` (
  `loan_id` int(11) NOT NULL AUTO_INCREMENT,
  `offer_id` int(11) NOT NULL,
  `customer_id` int(11) NOT NULL,
  `lender_id` int(11) NOT NULL,
  `amount` decimal(15,2) NOT NULL,
  `interest_rate` decimal(5,2) NOT NULL,
  `duration` int(11) NOT NULL,
  `installments` decimal(15,2) NOT NULL,
  `collateral_description` text NOT NULL,
  `collateral_value` decimal(15,2) NOT NULL,
  `collateral_image` varchar(255) NOT NULL,
  `status` varchar(20) NOT NULL DEFAULT 'pending',
  `application_date` datetime NOT NULL DEFAULT current_timestamp(),
  `due_date` date DEFAULT NULL,
  `isDue` tinyint(1) NOT NULL DEFAULT 0,
  PRIMARY KEY (`loan_id`),
  KEY `customer_id` (`customer_id`),
  KEY `lender_id` (`lender_id`),
  KEY `loans_ibfk_1` (`offer_id`),
  CONSTRAINT `loans_ibfk_1` FOREIGN KEY (`offer_id`) REFERENCES `loan_offers` (`offer_id`) ON DELETE CASCADE,
  CONSTRAINT `loans_ibfk_2` FOREIGN KEY (`customer_id`) REFERENCES `customers` (`customer_id`),
  CONSTRAINT `loans_ibfk_3` FOREIGN KEY (`lender_id`) REFERENCES `lenders` (`lender_id`)
) ENGINE=InnoDB AUTO_INCREMENT=154 DEFAULT CHARSET=utf8mb4 COLLATE=utf8mb4_unicode_ci;
/*!40101 SET character_set_client = @saved_cs_client */;

--
-- Dumping data for table `loans`
--

LOCK TABLES `loans` WRITE;
/*!40000 ALTER TABLE `loans` DISABLE KEYS */;
INSERT INTO `loans` VALUES
(123,43,64,25,50000.00,2.00,12,4211.94,'laptop',20000.00,'../uploads/test.png','disbursed','2025-04-26 12:33:55',NULL,0),
(124,20,71,25,12000.00,4.00,12,1021.80,'cattle',1200.00,'../uploads/test.png','disbursed','2025-04-26 12:58:47',NULL,0),
(125,43,72,25,50000.00,2.00,12,4211.94,'test',20000.00,'../uploads/test.png','disbursed','2025-04-26 20:43:32',NULL,0),
(126,44,72,39,50000.00,2.00,12,4211.94,'smart watch',20000.00,'../uploads/test.png','disbursed','2025-04-27 09:32:43',NULL,0),
(127,47,72,39,500000.00,3.00,24,21490.61,'tittle deed',100000.00,'../uploads/test.png','disbursed','2025-04-27 09:56:18','2025-08-27',0),
(128,21,64,25,100000.00,3.00,24,4298.12,'smart tv',20000.00,'../uploads/test.png','disbursed','2025-04-28 16:30:54',NULL,0),
(129,49,64,41,50000.00,6.80,12,4321.73,'Fridge',20000.00,'../uploads/test.png','disbursed','2025-05-02 17:38:18',NULL,0),
(130,42,76,33,100000.00,2.50,12,8446.61,'Motor Vehicle',300000.00,'../uploads/test.png','disbursed','2025-05-05 17:28:09',NULL,0),
(131,19,71,25,100000.00,4.00,12,8514.99,'T.V',170000.00,'../uploads/test.png','disbursed','2025-05-05 22:17:46','2025-06-05',1),
(132,40,64,33,50000.00,3.00,12,4234.68,'ipad',20000.00,'../uploads/test.png','disbursed','2025-05-07 14:30:27','2025-07-07',0),
(133,47,64,39,50000.00,3.00,12,4234.68,'ipad',20000.00,'../uploads/test.png','disbursed','2025-05-07 17:29:56','2025-07-07',0),
(135,48,64,25,100000.00,3.00,12,8469.37,'car logbook',100000.00,'../uploads/test.png','disbursed','2025-05-07 20:34:02','2025-07-11',0),
(137,48,71,25,500000.00,3.00,24,21490.61,'tittle deed',200000.00,'../uploads/test.png','rejected','2025-05-10 11:14:25','2025-06-10',0),
(138,20,72,25,800000.00,4.00,10,81473.99,'car',500000.00,'../uploads/test.png','rejected','2025-05-14 10:06:20','2025-06-14',0),
(139,50,69,25,100000.00,3.00,12,8469.37,'tittle deed',120000.00,'../uploads/test.png','disbursed','2025-05-14 16:00:05','2025-07-14',0),
(141,52,69,33,25000.00,2.20,2,12534.39,'test test',20000.00,'../uploads/thuglife.jpeg','disbursed','2025-05-27 14:37:43',NULL,0),
(142,33,69,30,50000.00,3.00,12,4234.68,'Fridge',50000.00,'../uploads/fridge.jpg','pending','2025-05-27 16:46:22','2025-06-27',0),
(143,47,71,39,500000.00,3.00,16,31918.21,'Kawasaki Ninja',200000.00,'../uploads/kawasaki.jpeg','submitted','2025-05-27 22:18:07','2025-06-27',0),
(145,52,72,33,90000.00,2.20,2,45123.79,'iphone 16',120000.00,'../uploads/iphone.jpeg','submitted','2025-06-10 16:51:32','2025-07-10',0),
(146,52,78,33,90000.00,2.20,2,45123.79,'iphone 16',130000.00,'../uploads/iphone.jpeg','disbursed','2025-05-10 16:55:15','2025-06-10',1),
(147,50,78,25,50000.00,3.00,2,25093.79,'test',20000.00,'../uploads/iphone.jpeg','rejected','2025-06-11 09:30:16','2025-07-11',0),
(149,44,78,39,1200.00,2.00,2,601.50,'test',20000.00,'../uploads/iphone.jpeg','pending','2025-06-11 10:03:10','2025-07-11',0),
(150,42,71,33,50000.00,2.50,12,4223.31,'kawasaki',20000.00,'../uploads/kawasaki.jpeg','disbursed','2025-06-20 15:14:41','2025-07-20',0),
(151,50,72,25,100000.00,3.00,16,6383.64,'Samsung Z Fold',120000.00,'../uploads/Thug life aesthetic (1).jpeg','pending','2025-07-27 20:26:13','2025-08-27',0),
(152,54,72,42,120000.00,2.20,5,24132.16,'Iphone X',100000.00,'../uploads/iphone.jpeg','disbursed','2025-07-28 12:28:34','2025-08-28',0),
(153,48,72,25,50000.00,3.00,12,4234.68,'iphone',100000.00,'../uploads/iphone.jpeg','submitted','2025-07-28 12:42:21','2025-08-28',0);
/*!40000 ALTER TABLE `loans` ENABLE KEYS */;
UNLOCK TABLES;

--
-- Table structure for table `payments`
--

DROP TABLE IF EXISTS `payments`;
/*!40101 SET @saved_cs_client     = @@character_set_client */;
/*!40101 SET character_set_client = utf8mb4 */;
CREATE TABLE `payments` (
  `payment_id` int(11) NOT NULL AUTO_INCREMENT,
  `loan_id` int(11) NOT NULL,
  `customer_id` int(11) NOT NULL,
  `lender_id` int(11) NOT NULL,
  `amount` decimal(15,2) NOT NULL,
  `payment_method` varchar(50) NOT NULL,
  `payment_type` varchar(20) NOT NULL,
  `remaining_balance` decimal(15,2) NOT NULL,
  `payment_date` timestamp NOT NULL DEFAULT current_timestamp(),
  `installment_balance` decimal(15,2) DEFAULT NULL,
  PRIMARY KEY (`payment_id`),
  KEY `customer_id` (`customer_id`),
  KEY `lender_id` (`lender_id`),
  KEY `idx_loan_id` (`loan_id`),
  CONSTRAINT `payments_ibfk_1` FOREIGN KEY (`loan_id`) REFERENCES `loans` (`loan_id`) ON DELETE CASCADE,
  CONSTRAINT `payments_ibfk_2` FOREIGN KEY (`customer_id`) REFERENCES `customers` (`customer_id`) ON DELETE CASCADE,
  CONSTRAINT `payments_ibfk_3` FOREIGN KEY (`lender_id`) REFERENCES `lenders` (`lender_id`) ON DELETE CASCADE
) ENGINE=InnoDB AUTO_INCREMENT=68 DEFAULT CHARSET=utf8mb4 COLLATE=utf8mb4_unicode_ci;
/*!40101 SET character_set_client = @saved_cs_client */;

--
-- Dumping data for table `payments`
--

LOCK TABLES `payments` WRITE;
/*!40000 ALTER TABLE `payments` DISABLE KEYS */;
INSERT INTO `payments` VALUES
(9,123,64,25,51000.00,'mpesa','full',0.00,'2025-04-27 18:45:34',NULL),
(10,124,71,25,12480.00,'mpesa','full',0.00,'2025-04-26 09:59:23',NULL),
(11,125,72,25,51000.00,'bank_transfer','full',0.00,'2025-04-26 17:44:40',NULL),
(12,126,72,39,51000.00,'bank_transfer','full',0.00,'2025-04-27 06:33:50',NULL),
(13,127,72,39,150000.00,'credit_card','partial',380000.00,'2025-04-27 06:56:48',NULL),
(14,128,64,25,106000.00,'bank_transfer','full',0.00,'2025-04-28 13:32:00',NULL),
(15,129,64,41,10000.00,'mpesa','partial',43400.00,'2025-05-02 14:39:13',NULL),
(16,130,76,33,102500.00,'bank_transfer','full',0.00,'2025-05-05 14:34:42',NULL),
(17,131,71,25,42000.00,'bank_transfer','partial',62000.00,'2025-05-05 19:18:18',NULL),
(18,129,64,41,1200.00,'mpesa','partial',42200.00,'2025-05-06 14:10:09',NULL),
(19,129,64,41,1200.00,'bank_transfer','partial',41000.00,'2025-05-06 14:10:56',NULL),
(20,129,64,41,41000.00,'debit_card','full',0.00,'2025-05-06 14:11:55',NULL),
(21,131,71,25,1200.00,'mpesa','partial',60800.00,'2025-05-06 14:16:49',NULL),
(22,131,71,25,36000.00,'credit_card','partial',24800.00,'2025-05-06 17:36:36',NULL),
(23,132,64,33,0.00,'0','unpaid',51500.00,'2025-05-07 11:31:33',NULL),
(24,132,64,33,10000.00,'mpesa','partial',41500.00,'2025-05-07 11:32:41',NULL),
(25,132,64,33,10000.00,'mpesa','partial',31500.00,'2025-05-07 11:53:23',NULL),
(26,132,64,33,10000.00,'debit_card','partial',21500.00,'2025-05-07 17:18:39',NULL),
(27,135,64,25,0.00,'0','unpaid',103000.00,'2025-05-07 17:34:28',NULL),
(28,135,64,25,50000.00,'bank_transfer','partial',53000.00,'2025-05-07 17:36:36',NULL),
(29,135,64,25,10000.00,'mpesa','partial',43000.00,'2025-05-07 18:40:38',NULL),
(30,132,64,33,1200.00,'mpesa','partial',20300.00,'2025-05-08 17:59:10',NULL),
(31,133,64,39,0.00,'0','unpaid',51500.00,'2025-05-08 18:01:29',NULL),
(32,133,64,39,10000.00,'bank_transfer','partial',41500.00,'2025-05-08 18:35:03',NULL),
(33,132,64,33,10000.00,'credit_card','partial',10300.00,'2025-05-08 19:02:17',NULL),
(34,131,71,25,4000.00,'mpesa','partial',20800.00,'2025-05-08 20:08:04',NULL),
(35,133,64,39,15000.00,'bank_transfer','partial',26500.00,'2025-05-09 07:21:41',NULL),
(36,135,64,25,15000.00,'mpesa','partial',28000.00,'2025-05-09 07:24:20',NULL),
(37,127,72,39,50000.00,'mpesa','partial',330000.00,'2025-05-09 11:46:46',NULL),
(38,135,64,25,10000.00,'mpesa','partial',18000.00,'2025-05-09 15:44:42',NULL),
(39,127,72,39,50000.00,'mpesa','partial',280000.00,'2025-05-14 07:00:32',NULL),
(40,131,71,25,10000.00,'mpesa','partial',10800.00,'2025-05-19 17:42:00',NULL),
(41,139,69,25,0.00,'0','unpaid',103000.00,'2025-05-27 14:52:19',NULL),
(42,141,69,33,0.00,'0','unpaid',25091.67,'2025-06-08 20:42:09',NULL),
(43,141,69,33,200.56,'mpesa','partial',24891.11,'2025-06-08 21:08:15',NULL),
(44,141,69,33,24891.11,'mpesa','full',0.00,'2025-06-08 21:17:23',NULL),
(45,146,78,33,0.00,'0','unpaid',90330.00,'2025-06-10 13:58:27',NULL),
(46,135,64,25,8469.38,'bank_transfer','partial',9530.62,'2025-06-11 08:07:21',NULL),
(47,133,64,39,4200.00,'mpesa','partial',22300.00,'2025-06-11 08:17:55',NULL),
(48,133,64,39,1.00,'mpesa','partial',22299.00,'2025-06-11 08:33:53',NULL),
(49,132,64,33,234.68,'mpesa','partial',10065.32,'2025-06-11 08:34:56',NULL),
(50,127,72,39,1200.00,'mpesa','partial',278800.00,'2025-06-11 08:43:30',NULL),
(51,127,72,39,10.00,'mpesa','partial',278790.00,'2025-06-11 09:02:02',NULL),
(52,127,72,39,10.00,'mpesa','partial',278780.00,'2025-06-11 09:03:52',NULL),
(53,127,72,39,10.00,'mpesa','partial',278770.00,'2025-06-11 09:23:43',NULL),
(54,127,72,39,10.00,'mpesa','partial',278760.00,'2025-06-11 09:28:28',NULL),
(55,135,64,25,200.00,'mpesa','partial',9330.62,'2025-06-12 11:43:54',NULL),
(56,150,71,33,0.00,'0','unpaid',51250.00,'2025-06-20 12:16:59',NULL),
(57,150,71,33,1200.00,'mpesa','partial',50050.00,'2025-06-20 12:17:57',3023.31),
(58,139,69,25,103000.00,'bank_transfer','full',0.00,'2025-07-04 08:55:49',NULL),
(59,127,72,39,21490.61,'credit_card','partial',257269.39,'2025-07-27 17:20:09',20250.61),
(61,127,72,39,20250.61,'mpesa','partial',237018.78,'2025-07-27 17:21:32',1240.00),
(63,127,72,39,1000.00,'mpesa','partial',236018.78,'2025-07-27 17:22:33',240.00),
(65,127,72,39,240.00,'mpesa','partial',235778.78,'2025-07-27 17:24:28',21250.61),
(66,127,72,39,200.00,'bank_transfer','partial',235578.78,'2025-07-27 17:59:05',21290.61),
(67,152,72,42,0.00,'0','unpaid',121100.00,'2025-07-28 09:40:16',NULL);
/*!40000 ALTER TABLE `payments` ENABLE KEYS */;
UNLOCK TABLES;

--
-- Table structure for table `users`
--

DROP TABLE IF EXISTS `users`;
/*!40101 SET @saved_cs_client     = @@character_set_client */;
/*!40101 SET character_set_client = utf8mb4 */;
CREATE TABLE `users` (
  `user_id` int(11) NOT NULL AUTO_INCREMENT,
  `user_name` varchar(50) NOT NULL,
  `email` varchar(255) NOT NULL,
  `phone` varchar(15) NOT NULL,
  `password` varchar(255) NOT NULL,
  `role` varchar(20) NOT NULL,
  `status` enum('active','inactive') NOT NULL DEFAULT 'active',
  PRIMARY KEY (`user_id`)
) ENGINE=InnoDB AUTO_INCREMENT=115 DEFAULT CHARSET=utf8mb4 COLLATE=utf8mb4_unicode_ci;
/*!40101 SET character_set_client = @saved_cs_client */;

--
-- Dumping data for table `users`
--

LOCK TABLES `users` WRITE;
/*!40000 ALTER TABLE `users` DISABLE KEYS */;
INSERT INTO `users` VALUES
(70,'Ginny Kaloki','customer121@gmail.com','0705036698','$2y$10$CTbwyh3P0TMxdpYOaudeheZRDWMcB3LMrM7HZx6RjiTAE.kxtvxc6','Customer','active'),
(71,'Patricia Dummy','customerdummy@gmail.com','0705036698','$2y$10$hOP9x9uQsGKqNB0oTByLseBCgCueKVy2sA4ERkL7nkZKpTxIUSTvq','Customer','active'),
(72,'Lewis Duncan','lenderdummy@gmail.com','0714565484','$2y$10$kIHRGtm0z6Scg3f68N193eXylGXQS05WZH.x4FWcJUPdkivs0kr1m','Lender','active'),
(73,'Maria Des','maria@gmail.com','0712345678','$2y$10$VZxeOZcD5bsfZVaGUaph/upJgrS2UaXEMwsPpLb5Ek7NVS8FVaRPK','Lender','active'),
(74,'Mari Chui','marichui@gmail.com','0700000000','$2y$10$ayh.P977bcJ577PUjJWneuLPvJTrwuI.mqRFK5yIKsB18./CYuy4.','Customer','inactive'),
(75,'Pesa Pal','pesapal@gmail.com','0710851180','$2y$10$kQMwgMnWy8B7iCFcgqHP0eK17cjHOxLWb/QSAuwkgZZ9P7CZFy3Hq','Lender','active'),
(76,'ibrahim  obinchu','ibrahimnyagesuka@gmail.com','0705036698','$2y$10$355l/16PTLg5xjmeienq3.YWXWx9euQS2T3ex2TJJ6UMo/t2rjwKy','Lender','active'),
(77,'ken kenneth','ken@test.com','0123456789','$2y$10$dR4d8FTWKpT2wQhawSUcI.aQgAr9REBZWt.XR3WNe9GmPoCmblNV.','Customer','active'),
(79,'Riziki Loans','rizikiloans@gmail.com','0712345678','$2y$10$EUqAHF/1d/87BFm4zNc1YOQvnupxZQ3VWlbB7zQ9ZmO3EExrnCjXe','Lender','active'),
(80,'Customer  ggg','customercus@gmail.com','0705036698','$2y$10$Cmn/ZPllUmhnJydn0mpZPOQbCbQhjfWqdv89nodWF0E.gGqNWPTpu','Customer','active'),
(82,'Admin Inno','admin@inno.test','0705036698','$2y$12$SVfNpUevfpqX74su9mT09OhEwcd/9g0SSyhma/k/7A.DST1gbGM7u','Admin','active'),
(83,'Customer  Cash','customercash@gmail.com','0705036698','$2y$10$cbMNj3L2Bi56FfbB0nwnM.wF.uriQVIpkBFRI13/33zWFAx2/W.5C','Customer','active'),
(84,'Teresa Mackenzie','terrymac@gmail.com','0722334455','$2y$10$pH2S2aesvAus.GRfVg5KVehlsGhzmdQLf7kVGpWGKTlosVNEaOQmG','Lender','active'),
(85,'Beast  Games','beastgames@gmail.com','0777777777','$2y$10$.2cweBU4yX8l7HVD9v9czuv6LXsltJYeXKCNjjui6oWKRCXxzC29q','Lender','active'),
(86,'Daniel Wamalwa','danielwamz@gmail.com','0712345678','$2y$10$gdsac3ohmS.klKZnEMM9r.HLGp4KikNEhfLkW7QCKxVh3YUZKAh/u','Customer','active'),
(87,'Grace Mbithi','gracembithi@gmail.com','0712345678','$2y$12$F6f7jQwKA9UWXUvFbZLmXe/g0KE2dpKNt.Ru976OBlYDSlPSYfVLa','Customer','active'),
(88,'Obinchu Ibrahim','ibrahim@test.com','0759242900','$2y$10$3w7r8NU5qaDUcJGTeiXhme8bbTVadlba34Wdy75hJLqtnFLj76CT.','Customer','active'),
(91,'Premier Credit','premiercredit@gmail.com','0716170335','$2y$10$0vPW6K5tFj7i3DI6a7K2EOTDgDhqsM7ZeoDkMEeKS9r3zJ7MGq/P.','Lender','active'),
(92,'Joseph  Barasa','josephbarasa622@gmail.com','0790463858','$2y$10$GWT8pMg4cY1U9/rNKx0PIOWi8dNCbcmDg5ipG46ENwxlSkAv9VtXK','Customer','active'),
(93,'Beatrice Host','localhost@gmail.com','0712345678','$2y$10$na6mImZ5fXvOlt5Bm2uj5OnHXyghbnF1BqnBdl7Tl2uGTzLYIzbhu','Lender','active'),
(100,'Admin Test','admin@test.com','0705036698','$2y$10$s.k9z39RTic75AELbsS5cefehQyPtmUDfcJ.8sgZWYPq9qGCkWP2a','Admin','active'),
(101,'Liban Osman','libanosman@gmail.com','0712345678','$2y$10$yQpdU3vdEjx8Rj21z9KZ3u89DDpGFETAnxZzGMOts6BqRYb4lQdda','Admin','active'),
(102,'Anne  Regina','anneregina@gmail.com','0745632985','$2y$10$LloC3siYGs7u2BzSXtrSiumaQNjBSkpp80hV90K3D45DS6MqrNhV6','Customer','active'),
(103,'Juliet Jules','juliet@gmail.com','0798765432','$2y$10$xVUQR9e9j.yLL9L5Js4yCeMJ3F5ZXLuSWVNLVwoPK.Bh607.MeA9m','Lender','active'),
(107,'Luther Ochieng','lutherochieng@gmail.com','0769023655','$2y$10$CXgECRDWvaLccl8X7ELgQuJgWO7tsmU0GzrSp1.WZlNy9tvxLDw1a','Lender','active'),
(108,'Christopher Mogaka','chrismogaka@gmail.com','0712345678','$2y$10$OrLJCxdy4lGmiVBS5LL/HuNfTOvbRy8sJrsWQovPkYQYZaM2wGqNG','Customer','inactive'),
(109,'Gloria Teresa','gloria@gmail.com','0700000000','$2y$10$UtTCWnNTx2CrcCNy8sqX4u2/TLdb87ZxSHl16v1EYlD67/EkWTEAm','Lender','active'),
(111,'lendo ndole','lendondole@gmail.com','0102672729','$2y$10$eA6Oo1Szse7ramwCKmEP9u2nlFeY6GtwYJUtKWNctPil7vPjmDTOi','Customer','active'),
(112,'Jeff Barack','jeffb@gmail.com','0790463858','$2y$10$WXk5HcI0aaj4n1DYWVQsA.hJrG/V7Vr2/A74AtL4VMxW1CQslFZly','Customer','active'),
(113,'Wendy Kabugi','wendy@gmail.com','0712345678','$2y$12$qnetlBAv4tS1ZgS9qeVQieeadredX6xdN2SF7ERX2bTq2yNq/S6D.','Customer','active'),
(114,'Mike Kinyua','mike@gmail.com','0705036698','$2y$12$eEUYCoQ7geQi.C95vSiaLO.1lKW8/DrIo1.3ON4QBa831gwBE1qfe','Lender','active');
/*!40000 ALTER TABLE `users` ENABLE KEYS */;
UNLOCK TABLES;
/*!40103 SET TIME_ZONE=@OLD_TIME_ZONE */;

/*!40101 SET SQL_MODE=@OLD_SQL_MODE */;
/*!40014 SET FOREIGN_KEY_CHECKS=@OLD_FOREIGN_KEY_CHECKS */;
/*!40014 SET UNIQUE_CHECKS=@OLD_UNIQUE_CHECKS */;
/*!40101 SET CHARACTER_SET_CLIENT=@OLD_CHARACTER_SET_CLIENT */;
/*!40101 SET CHARACTER_SET_RESULTS=@OLD_CHARACTER_SET_RESULTS */;
/*!40101 SET COLLATION_CONNECTION=@OLD_COLLATION_CONNECTION */;
/*M!100616 SET NOTE_VERBOSITY=@OLD_NOTE_VERBOSITY */;

-- Dump completed on 2025-09-18 17:03:00
